agent_id,agent_name,skill_group,calendar_date,handled_calls,avg_handle_time_sec,avg_talk_time_sec,avg_acw_time_sec
1,Agent 001,housing,2025-01-01,15,560.60,493.33,67.27
1,Agent 001,housing,2025-01-02,17,569.12,493.06,76.06
1,Agent 001,housing,2025-01-03,12,609.00,518.50,90.50
1,Agent 001,housing,2025-01-04,11,615.55,528.09,87.45
1,Agent 001,housing,2025-01-05,14,572.36,513.07,59.29
1,Agent 001,housing,2025-01-06,14,488.79,403.71,85.07
1,Agent 001,housing,2025-01-07,19,554.68,492.16,62.53
1,Agent 001,housing,2025-01-08,12,550.92,508.25,42.67
1,Agent 001,housing,2025-01-09,14,578.00,482.29,95.71
1,Agent 001,housing,2025-01-10,21,531.76,466.67,65.10
1,Agent 001,housing,2025-01-11,12,714.58,655.25,59.33
1,Agent 001,housing,2025-01-12,14,627.71,573.86,53.86
1,Agent 001,housing,2025-01-13,17,571.12,497.29,73.82
1,Agent 001,housing,2025-01-14,5,569.20,450.40,118.80
1,Agent 001,housing,2025-01-15,11,613.00,549.09,63.91
1,Agent 001,housing,2025-01-16,12,632.83,562.50,70.33
1,Agent 001,housing,2025-01-17,8,723.12,663.62,59.50
1,Agent 001,housing,2025-01-18,9,536.67,418.78,117.89
1,Agent 001,housing,2025-01-19,3,806.00,723.67,82.33
1,Agent 001,housing,2025-01-20,7,752.71,642.14,110.57
1,Agent 001,housing,2025-01-21,8,514.75,455.75,59.00
1,Agent 001,housing,2025-01-22,11,470.09,410.55,59.55
1,Agent 001,housing,2025-01-23,10,630.00,579.70,50.30
1,Agent 001,housing,2025-01-24,8,564.38,497.25,67.12
1,Agent 001,housing,2025-01-25,11,524.91,462.64,62.27
1,Agent 001,housing,2025-01-26,3,487.67,448.67,39.00
1,Agent 001,housing,2025-01-27,10,534.50,468.60,65.90
1,Agent 001,housing,2025-01-28,7,396.71,320.71,76.00
1,Agent 001,housing,2025-01-29,7,510.86,417.71,93.14
1,Agent 001,housing,2025-01-30,4,779.25,721.00,58.25
1,Agent 001,housing,2025-01-31,5,649.20,534.60,114.60
2,Agent 002,housing,2025-01-01,13,523.69,444.77,78.92
2,Agent 002,housing,2025-01-02,17,603.47,537.24,66.24
2,Agent 002,housing,2025-01-03,9,477.78,380.44,97.33
2,Agent 002,housing,2025-01-04,9,634.22,565.67,68.56
2,Agent 002,housing,2025-01-05,18,493.06,402.89,90.17
2,Agent 002,housing,2025-01-06,8,642.25,546.75,95.50
2,Agent 002,housing,2025-01-07,14,511.50,439.93,71.57
2,Agent 002,housing,2025-01-08,10,653.50,575.00,78.50
2,Agent 002,housing,2025-01-09,15,415.73,362.33,53.40
2,Agent 002,housing,2025-01-10,6,576.00,515.33,60.67
2,Agent 002,housing,2025-01-11,9,554.33,479.78,74.56
2,Agent 002,housing,2025-01-12,11,781.18,698.91,82.27
2,Agent 002,housing,2025-01-13,13,619.62,550.92,68.69
2,Agent 002,housing,2025-01-14,7,474.57,348.14,126.43
2,Agent 002,housing,2025-01-15,6,458.33,409.17,49.17
2,Agent 002,housing,2025-01-16,8,569.00,522.12,46.88
2,Agent 002,housing,2025-01-17,9,491.22,416.56,74.67
2,Agent 002,housing,2025-01-18,6,621.33,576.17,45.17
2,Agent 002,housing,2025-01-19,5,646.40,560.80,85.60
2,Agent 002,housing,2025-01-20,11,541.82,488.55,53.27
2,Agent 002,housing,2025-01-21,14,656.29,570.50,85.79
2,Agent 002,housing,2025-01-22,10,554.30,505.60,48.70
2,Agent 002,housing,2025-01-23,10,637.20,560.80,76.40
2,Agent 002,housing,2025-01-24,7,838.00,762.86,75.14
2,Agent 002,housing,2025-01-25,5,510.20,432.80,77.40
2,Agent 002,housing,2025-01-26,4,374.50,326.25,48.25
2,Agent 002,housing,2025-01-27,7,596.57,520.57,76.00
2,Agent 002,housing,2025-01-28,7,459.57,398.71,60.86
2,Agent 002,housing,2025-01-29,5,692.60,598.40,94.20
2,Agent 002,housing,2025-01-30,1,617.00,542.00,75.00
2,Agent 002,housing,2025-01-31,3,765.67,698.67,67.00
3,Agent 003,housing,2025-01-01,5,633.60,567.60,66.00
3,Agent 003,housing,2025-01-02,14,573.14,525.64,47.50
3,Agent 003,housing,2025-01-03,8,611.38,541.50,69.88
3,Agent 003,housing,2025-01-04,7,518.71,446.86,71.86
3,Agent 003,housing,2025-01-05,16,602.62,534.38,68.25
3,Agent 003,housing,2025-01-06,19,553.00,500.37,52.63
3,Agent 003,housing,2025-01-07,21,455.19,406.52,48.67
3,Agent 003,housing,2025-01-08,17,480.35,421.65,58.71
3,Agent 003,housing,2025-01-09,16,520.75,453.75,67.00
3,Agent 003,housing,2025-01-10,11,615.00,555.27,59.73
3,Agent 003,housing,2025-01-11,9,562.44,498.44,64.00
3,Agent 003,housing,2025-01-12,13,404.38,327.77,76.62
3,Agent 003,housing,2025-01-13,12,564.92,490.67,74.25
3,Agent 003,housing,2025-01-14,9,394.00,334.11,59.89
3,Agent 003,housing,2025-01-15,12,579.58,526.25,53.33
3,Agent 003,housing,2025-01-16,9,653.56,599.56,54.00
3,Agent 003,housing,2025-01-17,6,442.00,387.33,54.67
3,Agent 003,housing,2025-01-18,7,648.00,596.43,51.57
3,Agent 003,housing,2025-01-19,7,521.57,474.29,47.29
3,Agent 003,housing,2025-01-20,8,592.12,533.38,58.75
3,Agent 003,housing,2025-01-21,14,504.93,427.64,77.29
3,Agent 003,housing,2025-01-22,6,495.67,444.67,51.00
3,Agent 003,housing,2025-01-23,9,517.89,454.00,63.89
3,Agent 003,housing,2025-01-24,12,566.50,491.50,75.00
3,Agent 003,housing,2025-01-25,8,408.88,350.62,58.25
3,Agent 003,housing,2025-01-26,4,790.50,749.25,41.25
3,Agent 003,housing,2025-01-27,7,392.29,343.86,48.43
3,Agent 003,housing,2025-01-28,4,386.25,340.00,46.25
3,Agent 003,housing,2025-01-29,4,616.00,559.75,56.25
3,Agent 003,housing,2025-01-30,3,575.00,490.67,84.33
3,Agent 003,housing,2025-01-31,3,795.67,730.33,65.33
4,Agent 004,housing,2025-01-01,6,615.83,561.17,54.67
4,Agent 004,housing,2025-01-02,16,597.06,524.88,72.19
4,Agent 004,housing,2025-01-03,15,630.80,564.80,66.00
4,Agent 004,housing,2025-01-04,14,571.43,503.79,67.64
4,Agent 004,housing,2025-01-05,11,561.73,497.73,64.00
4,Agent 004,housing,2025-01-06,12,476.83,411.67,65.17
4,Agent 004,housing,2025-01-07,9,524.67,464.89,59.78
4,Agent 004,housing,2025-01-08,14,623.86,550.14,73.71
4,Agent 004,housing,2025-01-09,14,607.21,520.14,87.07
4,Agent 004,housing,2025-01-10,13,494.46,419.38,75.08
4,Agent 004,housing,2025-01-11,17,583.06,494.06,89.00
4,Agent 004,housing,2025-01-12,14,577.57,478.79,98.79
4,Agent 004,housing,2025-01-13,12,545.42,485.67,59.75
4,Agent 004,housing,2025-01-14,5,499.60,467.60,32.00
4,Agent 004,housing,2025-01-15,8,558.12,483.25,74.88
4,Agent 004,housing,2025-01-16,7,799.71,723.00,76.71
4,Agent 004,housing,2025-01-17,12,478.17,418.17,60.00
4,Agent 004,housing,2025-01-18,5,524.20,482.00,42.20
4,Agent 004,housing,2025-01-19,6,452.50,404.00,48.50
4,Agent 004,housing,2025-01-20,8,538.50,475.00,63.50
4,Agent 004,housing,2025-01-21,17,592.24,479.41,112.82
4,Agent 004,housing,2025-01-22,4,569.25,519.00,50.25
4,Agent 004,housing,2025-01-23,6,455.50,387.83,67.67
4,Agent 004,housing,2025-01-24,10,456.30,396.80,59.50
4,Agent 004,housing,2025-01-25,15,521.93,456.27,65.67
4,Agent 004,housing,2025-01-26,6,621.50,574.00,47.50
4,Agent 004,housing,2025-01-27,8,428.88,375.62,53.25
4,Agent 004,housing,2025-01-28,8,545.50,462.75,82.75
4,Agent 004,housing,2025-01-29,10,501.00,447.10,53.90
4,Agent 004,housing,2025-01-30,8,651.50,580.50,71.00
4,Agent 004,housing,2025-01-31,6,630.00,587.33,42.67
5,Agent 005,housing,2025-01-01,9,512.67,424.67,88.00
5,Agent 005,housing,2025-01-02,17,496.06,427.00,69.06
5,Agent 005,housing,2025-01-03,15,485.33,418.53,66.80
5,Agent 005,housing,2025-01-04,12,493.50,406.17,87.33
5,Agent 005,housing,2025-01-05,15,526.00,432.80,93.20
5,Agent 005,housing,2025-01-06,18,574.06,521.61,52.44
5,Agent 005,housing,2025-01-07,15,500.40,452.27,48.13
5,Agent 005,housing,2025-01-08,14,570.43,482.07,88.36
5,Agent 005,housing,2025-01-09,13,535.62,463.46,72.15
5,Agent 005,housing,2025-01-10,12,477.42,399.08,78.33
5,Agent 005,housing,2025-01-11,13,521.62,445.92,75.69
5,Agent 005,housing,2025-01-12,12,445.83,368.42,77.42
5,Agent 005,housing,2025-01-13,10,481.70,435.00,46.70
5,Agent 005,housing,2025-01-14,5,537.60,455.80,81.80
5,Agent 005,housing,2025-01-15,5,408.20,357.80,50.40
5,Agent 005,housing,2025-01-16,5,619.20,537.00,82.20
5,Agent 005,housing,2025-01-17,8,501.62,425.88,75.75
5,Agent 005,housing,2025-01-18,5,537.40,483.80,53.60
5,Agent 005,housing,2025-01-19,9,611.11,538.22,72.89
5,Agent 005,housing,2025-01-20,5,742.40,696.80,45.60
5,Agent 005,housing,2025-01-21,8,587.62,497.62,90.00
5,Agent 005,housing,2025-01-22,10,553.00,493.40,59.60
5,Agent 005,housing,2025-01-23,6,631.33,587.67,43.67
5,Agent 005,housing,2025-01-24,10,559.50,510.20,49.30
5,Agent 005,housing,2025-01-25,10,532.70,449.80,82.90
5,Agent 005,housing,2025-01-26,5,511.60,457.20,54.40
5,Agent 005,housing,2025-01-27,6,588.83,500.83,88.00
5,Agent 005,housing,2025-01-28,5,549.00,464.60,84.40
5,Agent 005,housing,2025-01-29,5,458.40,386.80,71.60
5,Agent 005,housing,2025-01-30,9,486.00,404.11,81.89
5,Agent 005,housing,2025-01-31,5,417.60,337.20,80.40
6,Agent 006,housing,2025-01-01,10,509.70,434.00,75.70
6,Agent 006,housing,2025-01-02,14,499.36,436.43,62.93
6,Agent 006,housing,2025-01-03,13,479.38,413.69,65.69
6,Agent 006,housing,2025-01-04,4,515.50,458.50,57.00
6,Agent 006,housing,2025-01-05,12,534.92,437.75,97.17
6,Agent 006,housing,2025-01-06,13,632.31,573.38,58.92
6,Agent 006,housing,2025-01-07,12,493.25,416.42,76.83
6,Agent 006,housing,2025-01-08,10,618.90,560.70,58.20
6,Agent 006,housing,2025-01-09,23,449.52,371.52,78.00
6,Agent 006,housing,2025-01-10,16,670.19,577.75,92.44
6,Agent 006,housing,2025-01-11,17,590.06,533.00,57.06
6,Agent 006,housing,2025-01-12,13,504.38,457.46,46.92
6,Agent 006,housing,2025-01-13,16,532.38,452.69,79.69
6,Agent 006,housing,2025-01-14,10,541.80,494.80,47.00
6,Agent 006,housing,2025-01-15,3,703.67,669.33,34.33
6,Agent 006,housing,2025-01-16,4,665.00,601.00,64.00
6,Agent 006,housing,2025-01-17,6,385.67,311.50,74.17
6,Agent 006,housing,2025-01-18,13,678.69,615.92,62.77
6,Agent 006,housing,2025-01-19,15,607.47,536.20,71.27
6,Agent 006,housing,2025-01-20,10,684.60,581.20,103.40
6,Agent 006,housing,2025-01-21,12,618.17,519.83,98.33
6,Agent 006,housing,2025-01-22,12,540.83,471.75,69.08
6,Agent 006,housing,2025-01-23,13,551.92,474.46,77.46
6,Agent 006,housing,2025-01-24,10,423.00,363.60,59.40
6,Agent 006,housing,2025-01-25,6,654.50,610.17,44.33
6,Agent 006,housing,2025-01-26,8,530.88,470.25,60.62
6,Agent 006,housing,2025-01-27,5,591.20,538.20,53.00
6,Agent 006,housing,2025-01-28,4,486.25,414.50,71.75
6,Agent 006,housing,2025-01-29,4,320.50,272.75,47.75
6,Agent 006,housing,2025-01-30,8,717.38,638.00,79.38
6,Agent 006,housing,2025-01-31,5,367.40,308.60,58.80
7,Agent 007,housing,2025-01-01,8,482.62,411.75,70.88
7,Agent 007,housing,2025-01-02,5,631.60,561.00,70.60
7,Agent 007,housing,2025-01-03,15,756.80,667.93,88.87
7,Agent 007,housing,2025-01-04,10,516.90,425.90,91.00
7,Agent 007,housing,2025-01-05,9,523.44,472.56,50.89
7,Agent 007,housing,2025-01-06,12,646.58,594.92,51.67
7,Agent 007,housing,2025-01-07,11,494.73,443.55,51.18
7,Agent 007,housing,2025-01-08,12,732.42,670.08,62.33
7,Agent 007,housing,2025-01-09,19,670.53,600.74,69.79
7,Agent 007,housing,2025-01-10,14,559.43,482.79,76.64
7,Agent 007,housing,2025-01-11,12,573.42,493.75,79.67
7,Agent 007,housing,2025-01-12,11,421.27,333.82,87.45
7,Agent 007,housing,2025-01-13,11,667.09,609.82,57.27
7,Agent 007,housing,2025-01-14,9,671.44,578.33,93.11
7,Agent 007,housing,2025-01-15,6,476.17,399.17,77.00
7,Agent 007,housing,2025-01-16,10,386.00,314.60,71.40
7,Agent 007,housing,2025-01-17,13,430.92,377.23,53.69
7,Agent 007,housing,2025-01-18,6,484.50,424.67,59.83
7,Agent 007,housing,2025-01-19,10,510.60,451.00,59.60
7,Agent 007,housing,2025-01-20,5,784.80,727.80,57.00
7,Agent 007,housing,2025-01-21,8,495.50,444.88,50.62
7,Agent 007,housing,2025-01-22,18,493.17,417.83,75.33
7,Agent 007,housing,2025-01-23,13,456.54,382.23,74.31
7,Agent 007,housing,2025-01-24,12,515.50,419.50,96.00
7,Agent 007,housing,2025-01-25,9,704.89,659.89,45.00
7,Agent 007,housing,2025-01-26,5,533.80,481.60,52.20
7,Agent 007,housing,2025-01-27,5,469.80,408.20,61.60
7,Agent 007,housing,2025-01-28,6,599.33,542.33,57.00
7,Agent 007,housing,2025-01-29,6,813.67,726.33,87.33
7,Agent 007,housing,2025-01-30,4,771.75,708.25,63.50
7,Agent 007,housing,2025-01-31,6,463.33,388.50,74.83
8,Agent 008,housing,2025-01-01,13,512.77,421.77,91.00
8,Agent 008,housing,2025-01-02,13,480.08,400.92,79.15
8,Agent 008,housing,2025-01-03,12,539.33,473.92,65.42
8,Agent 008,housing,2025-01-04,9,680.67,602.56,78.11
8,Agent 008,housing,2025-01-05,17,536.53,472.06,64.47
8,Agent 008,housing,2025-01-06,21,638.33,556.76,81.57
8,Agent 008,housing,2025-01-07,11,526.18,450.18,76.00
8,Agent 008,housing,2025-01-08,11,470.91,376.82,94.09
8,Agent 008,housing,2025-01-09,15,503.87,436.93,66.93
8,Agent 008,housing,2025-01-10,18,685.56,629.17,56.39
8,Agent 008,housing,2025-01-11,14,526.36,456.86,69.50
8,Agent 008,housing,2025-01-12,13,635.62,570.85,64.77
8,Agent 008,housing,2025-01-13,18,549.72,482.44,67.28
8,Agent 008,housing,2025-01-14,6,678.00,594.83,83.17
8,Agent 008,housing,2025-01-15,9,512.22,446.56,65.67
8,Agent 008,housing,2025-01-16,7,714.00,631.14,82.86
8,Agent 008,housing,2025-01-17,4,667.75,608.00,59.75
8,Agent 008,housing,2025-01-18,8,558.00,483.00,75.00
8,Agent 008,housing,2025-01-19,6,434.50,372.83,61.67
8,Agent 008,housing,2025-01-20,6,478.50,395.17,83.33
8,Agent 008,housing,2025-01-21,7,426.57,368.57,58.00
8,Agent 008,housing,2025-01-22,12,484.08,398.75,85.33
8,Agent 008,housing,2025-01-23,6,652.33,587.50,64.83
8,Agent 008,housing,2025-01-24,5,686.80,661.60,25.20
8,Agent 008,housing,2025-01-25,2,527.00,496.00,31.00
8,Agent 008,housing,2025-01-26,5,585.60,482.80,102.80
8,Agent 008,housing,2025-01-27,7,447.14,363.86,83.29
8,Agent 008,housing,2025-01-28,3,561.33,498.67,62.67
8,Agent 008,housing,2025-01-29,6,618.83,566.33,52.50
8,Agent 008,housing,2025-01-30,12,571.17,513.83,57.33
8,Agent 008,housing,2025-01-31,7,608.71,551.71,57.00
9,Agent 009,housing,2025-01-01,4,694.75,647.75,47.00
9,Agent 009,housing,2025-01-02,15,495.53,423.67,71.87
9,Agent 009,housing,2025-01-03,11,472.09,423.36,48.73
9,Agent 009,housing,2025-01-04,8,639.12,551.75,87.38
9,Agent 009,housing,2025-01-05,20,542.15,471.40,70.75
9,Agent 009,housing,2025-01-06,20,588.20,520.55,67.65
9,Agent 009,housing,2025-01-07,14,515.71,446.64,69.07
9,Agent 009,housing,2025-01-08,10,626.40,548.00,78.40
9,Agent 009,housing,2025-01-09,15,858.40,800.73,57.67
9,Agent 009,housing,2025-01-10,13,591.31,526.69,64.62
9,Agent 009,housing,2025-01-11,13,479.69,404.00,75.69
9,Agent 009,housing,2025-01-12,9,518.56,422.11,96.44
9,Agent 009,housing,2025-01-13,11,544.55,485.55,59.00
9,Agent 009,housing,2025-01-14,4,462.50,400.50,62.00
9,Agent 009,housing,2025-01-15,7,538.57,472.14,66.43
9,Agent 009,housing,2025-01-16,3,414.67,328.67,86.00
9,Agent 009,housing,2025-01-17,8,656.50,591.38,65.12
9,Agent 009,housing,2025-01-18,4,396.25,310.50,85.75
9,Agent 009,housing,2025-01-19,8,647.62,594.50,53.12
9,Agent 009,housing,2025-01-20,7,438.86,369.14,69.71
9,Agent 009,housing,2025-01-21,13,633.23,552.85,80.38
9,Agent 009,housing,2025-01-22,5,453.40,408.00,45.40
9,Agent 009,housing,2025-01-23,9,610.22,542.00,68.22
9,Agent 009,housing,2025-01-24,9,613.56,544.44,69.11
9,Agent 009,housing,2025-01-25,5,682.00,576.60,105.40
9,Agent 009,housing,2025-01-26,5,405.20,298.60,106.60
9,Agent 009,housing,2025-01-27,6,662.50,575.67,86.83
9,Agent 009,housing,2025-01-28,6,635.50,590.17,45.33
9,Agent 009,housing,2025-01-29,5,637.60,550.40,87.20
9,Agent 009,housing,2025-01-30,9,488.67,405.89,82.78
9,Agent 009,housing,2025-01-31,7,344.14,277.71,66.43
10,Agent 010,housing,2025-01-01,10,549.60,501.00,48.60
10,Agent 010,housing,2025-01-02,14,582.86,519.86,63.00
10,Agent 010,housing,2025-01-03,9,507.78,441.22,66.56
10,Agent 010,housing,2025-01-04,14,603.57,545.29,58.29
10,Agent 010,housing,2025-01-05,13,499.15,441.23,57.92
10,Agent 010,housing,2025-01-06,14,445.29,368.93,76.36
10,Agent 010,housing,2025-01-07,17,628.00,559.59,68.41
10,Agent 010,housing,2025-01-08,18,564.33,480.28,84.06
10,Agent 010,housing,2025-01-09,11,599.73,535.27,64.45
10,Agent 010,housing,2025-01-10,12,671.25,591.42,79.83
10,Agent 010,housing,2025-01-11,14,444.93,358.79,86.14
10,Agent 010,housing,2025-01-12,19,488.53,434.42,54.11
10,Agent 010,housing,2025-01-13,8,532.75,466.62,66.12
10,Agent 010,housing,2025-01-14,5,435.20,368.40,66.80
10,Agent 010,housing,2025-01-15,9,523.11,451.44,71.67
10,Agent 010,housing,2025-01-16,7,602.43,511.57,90.86
10,Agent 010,housing,2025-01-17,9,587.78,526.11,61.67
10,Agent 010,housing,2025-01-18,4,650.75,592.75,58.00
10,Agent 010,housing,2025-01-19,8,669.00,610.12,58.88
10,Agent 010,housing,2025-01-20,7,772.57,677.71,94.86
10,Agent 010,housing,2025-01-21,16,642.44,583.56,58.88
10,Agent 010,housing,2025-01-22,15,501.07,431.87,69.20
10,Agent 010,housing,2025-01-23,11,607.73,543.45,64.27
10,Agent 010,housing,2025-01-24,17,530.65,450.47,80.18
10,Agent 010,housing,2025-01-25,9,476.78,389.11,87.67
10,Agent 010,housing,2025-01-26,7,459.14,371.57,87.57
10,Agent 010,housing,2025-01-27,4,472.00,408.25,63.75
10,Agent 010,housing,2025-01-28,11,565.36,491.64,73.73
10,Agent 010,housing,2025-01-29,5,576.20,511.80,64.40
10,Agent 010,housing,2025-01-30,4,392.50,269.00,123.50
10,Agent 010,housing,2025-01-31,7,529.71,440.14,89.57
11,Agent 011,housing,2025-01-01,7,460.29,356.43,103.86
11,Agent 011,housing,2025-01-02,12,484.83,417.75,67.08
11,Agent 011,housing,2025-01-03,7,519.71,459.29,60.43
11,Agent 011,housing,2025-01-04,13,453.46,365.00,88.46
11,Agent 011,housing,2025-01-05,12,513.67,438.17,75.50
11,Agent 011,housing,2025-01-06,18,700.06,643.67,56.39
11,Agent 011,housing,2025-01-07,19,521.68,462.21,59.47
11,Agent 011,housing,2025-01-08,8,653.38,565.50,87.88
11,Agent 011,housing,2025-01-09,15,524.67,456.27,68.40
11,Agent 011,housing,2025-01-10,11,535.27,495.18,40.09
11,Agent 011,housing,2025-01-11,3,402.00,359.67,42.33
11,Agent 011,housing,2025-01-12,14,546.14,479.50,66.64
11,Agent 011,housing,2025-01-13,12,589.42,517.83,71.58
11,Agent 011,housing,2025-01-14,10,751.30,657.40,93.90
11,Agent 011,housing,2025-01-15,8,398.75,335.50,63.25
11,Agent 011,housing,2025-01-16,4,557.25,469.00,88.25
11,Agent 011,housing,2025-01-17,8,503.12,426.25,76.88
11,Agent 011,housing,2025-01-18,3,684.33,652.67,31.67
11,Agent 011,housing,2025-01-19,8,400.00,344.25,55.75
11,Agent 011,housing,2025-01-20,16,509.62,453.00,56.62
11,Agent 011,housing,2025-01-21,10,404.60,373.10,31.50
11,Agent 011,housing,2025-01-22,14,629.00,557.79,71.21
11,Agent 011,housing,2025-01-23,9,562.56,491.67,70.89
11,Agent 011,housing,2025-01-24,10,461.80,365.00,96.80
11,Agent 011,housing,2025-01-25,9,495.89,399.67,96.22
11,Agent 011,housing,2025-01-26,5,356.60,280.20,76.40
11,Agent 011,housing,2025-01-27,7,521.86,464.14,57.71
11,Agent 011,housing,2025-01-28,4,593.00,514.75,78.25
11,Agent 011,housing,2025-01-29,3,671.33,598.00,73.33
11,Agent 011,housing,2025-01-30,4,519.00,468.75,50.25
11,Agent 011,housing,2025-01-31,5,479.80,403.60,76.20
12,Agent 012,housing,2025-01-01,8,698.88,610.12,88.75
12,Agent 012,housing,2025-01-02,11,685.45,603.73,81.73
12,Agent 012,housing,2025-01-03,12,632.67,566.92,65.75
12,Agent 012,housing,2025-01-04,5,434.40,354.80,79.60
12,Agent 012,housing,2025-01-05,15,567.53,503.40,64.13
12,Agent 012,housing,2025-01-06,7,403.57,345.86,57.71
12,Agent 012,housing,2025-01-07,20,599.70,524.55,75.15
12,Agent 012,housing,2025-01-08,13,510.23,430.31,79.92
12,Agent 012,housing,2025-01-09,22,642.32,580.14,62.18
12,Agent 012,housing,2025-01-10,10,561.90,495.60,66.30
12,Agent 012,housing,2025-01-11,6,732.83,638.33,94.50
12,Agent 012,housing,2025-01-12,17,588.71,526.59,62.12
12,Agent 012,housing,2025-01-13,14,527.57,448.21,79.36
12,Agent 012,housing,2025-01-14,10,656.00,593.60,62.40
12,Agent 012,housing,2025-01-15,4,390.25,296.50,93.75
12,Agent 012,housing,2025-01-16,5,493.00,438.80,54.20
12,Agent 012,housing,2025-01-17,9,547.56,473.11,74.44
12,Agent 012,housing,2025-01-18,7,521.00,450.43,70.57
12,Agent 012,housing,2025-01-19,6,499.67,418.50,81.17
12,Agent 012,housing,2025-01-20,5,451.00,404.00,47.00
12,Agent 012,housing,2025-01-21,12,487.00,428.17,58.83
12,Agent 012,housing,2025-01-22,11,397.91,343.36,54.55
12,Agent 012,housing,2025-01-23,7,409.14,320.14,89.00
12,Agent 012,housing,2025-01-24,14,609.64,539.71,69.93
12,Agent 012,housing,2025-01-25,9,493.00,437.56,55.44
12,Agent 012,housing,2025-01-26,10,670.30,583.20,87.10
12,Agent 012,housing,2025-01-27,6,442.67,351.67,91.00
12,Agent 012,housing,2025-01-28,8,484.75,410.12,74.62
12,Agent 012,housing,2025-01-29,5,860.20,789.00,71.20
12,Agent 012,housing,2025-01-30,7,466.29,385.14,81.14
12,Agent 012,housing,2025-01-31,3,530.67,403.67,127.00
13,Agent 013,sanitation,2025-01-08,1,215.00,124.00,91.00
13,Agent 013,sanitation,2025-01-09,1,217.00,194.00,23.00
13,Agent 013,sanitation,2025-01-18,1,474.00,336.00,138.00
13,Agent 013,sanitation,2025-01-23,2,269.00,232.50,36.50
13,Agent 013,sanitation,2025-01-25,1,239.00,158.00,81.00
14,Agent 014,sanitation,2025-01-06,2,461.50,283.00,178.50
14,Agent 014,sanitation,2025-01-07,1,212.00,168.00,44.00
14,Agent 014,sanitation,2025-01-08,1,299.00,264.00,35.00
14,Agent 014,sanitation,2025-01-13,1,279.00,156.00,123.00
14,Agent 014,sanitation,2025-01-21,2,495.50,383.50,112.00
14,Agent 014,sanitation,2025-01-28,1,187.00,126.00,61.00
14,Agent 014,sanitation,2025-01-30,1,349.00,322.00,27.00
15,Agent 015,sanitation,2025-01-04,1,335.00,318.00,17.00
15,Agent 015,sanitation,2025-01-21,1,221.00,183.00,38.00
15,Agent 015,sanitation,2025-01-23,1,79.00,69.00,10.00
15,Agent 015,sanitation,2025-01-25,1,403.00,361.00,42.00
15,Agent 015,sanitation,2025-01-27,2,387.50,217.00,170.50
16,Agent 016,sanitation,2025-01-05,1,260.00,113.00,147.00
16,Agent 016,sanitation,2025-01-08,1,520.00,494.00,26.00
16,Agent 016,sanitation,2025-01-11,1,764.00,724.00,40.00
16,Agent 016,sanitation,2025-01-13,1,630.00,482.00,148.00
16,Agent 016,sanitation,2025-01-15,1,578.00,535.00,43.00
16,Agent 016,sanitation,2025-01-17,1,572.00,400.00,172.00
17,Agent 017,sanitation,2025-01-06,1,455.00,379.00,76.00
17,Agent 017,sanitation,2025-01-13,1,429.00,357.00,72.00
17,Agent 017,sanitation,2025-01-16,1,399.00,346.00,53.00
17,Agent 017,sanitation,2025-01-20,1,334.00,283.00,51.00
17,Agent 017,sanitation,2025-01-21,1,261.00,228.00,33.00
17,Agent 017,sanitation,2025-01-24,1,253.00,172.00,81.00
17,Agent 017,sanitation,2025-01-25,1,311.00,229.00,82.00
17,Agent 017,sanitation,2025-01-30,1,452.00,251.00,201.00
18,Agent 018,sanitation,2025-01-05,1,477.00,459.00,18.00
18,Agent 018,sanitation,2025-01-08,1,247.00,225.00,22.00
18,Agent 018,sanitation,2025-01-17,1,257.00,239.00,18.00
18,Agent 018,sanitation,2025-01-22,1,151.00,48.00,103.00
18,Agent 018,sanitation,2025-01-23,1,487.00,401.00,86.00
18,Agent 018,sanitation,2025-01-24,1,92.00,78.00,14.00
18,Agent 018,sanitation,2025-01-28,3,576.00,544.00,32.00
18,Agent 018,sanitation,2025-01-30,1,317.00,293.00,24.00
19,Agent 019,sanitation,2025-01-04,1,264.00,168.00,96.00
19,Agent 019,sanitation,2025-01-17,1,362.00,114.00,248.00
19,Agent 019,sanitation,2025-01-21,1,1358.00,1295.00,63.00
19,Agent 019,sanitation,2025-01-24,1,297.00,269.00,28.00
19,Agent 019,sanitation,2025-01-27,1,249.00,127.00,122.00
20,Agent 020,sanitation,2025-01-06,1,178.00,85.00,93.00
20,Agent 020,sanitation,2025-01-08,1,400.00,389.00,11.00
20,Agent 020,sanitation,2025-01-20,1,277.00,213.00,64.00
20,Agent 020,sanitation,2025-01-21,1,465.00,434.00,31.00
20,Agent 020,sanitation,2025-01-22,1,240.00,174.00,66.00
21,Agent 021,sanitation,2025-01-03,1,575.00,482.00,93.00
21,Agent 021,sanitation,2025-01-09,1,195.00,84.00,111.00
21,Agent 021,sanitation,2025-01-15,1,247.00,131.00,116.00
21,Agent 021,sanitation,2025-01-17,1,341.00,255.00,86.00
21,Agent 021,sanitation,2025-01-22,1,365.00,305.00,60.00
21,Agent 021,sanitation,2025-01-25,1,324.00,213.00,111.00
21,Agent 021,sanitation,2025-01-29,1,141.00,101.00,40.00
22,Agent 022,sanitation,2025-01-11,1,168.00,150.00,18.00
22,Agent 022,sanitation,2025-01-13,1,160.00,111.00,49.00
22,Agent 022,sanitation,2025-01-16,1,205.00,168.00,37.00
22,Agent 022,sanitation,2025-01-21,1,182.00,168.00,14.00
22,Agent 022,sanitation,2025-01-26,1,294.00,255.00,39.00
22,Agent 022,sanitation,2025-01-27,1,436.00,407.00,29.00
22,Agent 022,sanitation,2025-01-28,1,257.00,161.00,96.00
23,Agent 023,transportation,2025-01-01,3,254.67,169.00,85.67
23,Agent 023,transportation,2025-01-02,4,467.50,427.50,40.00
23,Agent 023,transportation,2025-01-03,2,369.00,326.50,42.50
23,Agent 023,transportation,2025-01-04,5,547.40,494.80,52.60
23,Agent 023,transportation,2025-01-05,5,342.60,245.80,96.80
23,Agent 023,transportation,2025-01-06,2,328.00,223.50,104.50
23,Agent 023,transportation,2025-01-07,3,310.00,210.67,99.33
23,Agent 023,transportation,2025-01-08,2,153.00,118.50,34.50
23,Agent 023,transportation,2025-01-09,4,460.00,405.75,54.25
23,Agent 023,transportation,2025-01-10,6,448.83,357.67,91.17
23,Agent 023,transportation,2025-01-12,2,542.00,407.50,134.50
23,Agent 023,transportation,2025-01-13,4,313.75,236.50,77.25
23,Agent 023,transportation,2025-01-14,5,390.00,341.20,48.80
23,Agent 023,transportation,2025-01-15,6,353.33,285.00,68.33
23,Agent 023,transportation,2025-01-16,5,329.20,244.80,84.40
23,Agent 023,transportation,2025-01-17,3,423.67,360.67,63.00
23,Agent 023,transportation,2025-01-18,1,376.00,336.00,40.00
23,Agent 023,transportation,2025-01-19,1,303.00,201.00,102.00
23,Agent 023,transportation,2025-01-20,3,492.33,415.00,77.33
23,Agent 023,transportation,2025-01-21,3,455.67,401.67,54.00
23,Agent 023,transportation,2025-01-22,5,568.20,491.60,76.60
23,Agent 023,transportation,2025-01-23,2,469.50,355.50,114.00
23,Agent 023,transportation,2025-01-24,1,604.00,559.00,45.00
23,Agent 023,transportation,2025-01-25,4,310.00,260.50,49.50
23,Agent 023,transportation,2025-01-26,1,429.00,347.00,82.00
23,Agent 023,transportation,2025-01-27,3,525.33,426.67,98.67
23,Agent 023,transportation,2025-01-28,1,389.00,360.00,29.00
23,Agent 023,transportation,2025-01-29,2,377.50,355.50,22.00
23,Agent 023,transportation,2025-01-30,3,357.00,302.67,54.33
23,Agent 023,transportation,2025-01-31,1,271.00,240.00,31.00
24,Agent 024,transportation,2025-01-01,2,401.50,328.00,73.50
24,Agent 024,transportation,2025-01-02,6,592.17,522.50,69.67
24,Agent 024,transportation,2025-01-03,3,310.00,235.00,75.00
24,Agent 024,transportation,2025-01-04,1,277.00,191.00,86.00
24,Agent 024,transportation,2025-01-05,1,557.00,440.00,117.00
24,Agent 024,transportation,2025-01-06,3,523.67,466.33,57.33
24,Agent 024,transportation,2025-01-07,7,370.43,311.86,58.57
24,Agent 024,transportation,2025-01-08,5,341.80,287.20,54.60
24,Agent 024,transportation,2025-01-09,4,416.25,366.75,49.50
24,Agent 024,transportation,2025-01-10,4,486.50,387.25,99.25
24,Agent 024,transportation,2025-01-11,1,736.00,683.00,53.00
24,Agent 024,transportation,2025-01-12,2,373.00,352.00,21.00
24,Agent 024,transportation,2025-01-14,4,526.00,438.25,87.75
24,Agent 024,transportation,2025-01-15,5,510.00,428.40,81.60
24,Agent 024,transportation,2025-01-16,8,355.62,309.75,45.88
24,Agent 024,transportation,2025-01-17,2,663.50,617.00,46.50
24,Agent 024,transportation,2025-01-18,2,351.50,295.00,56.50
24,Agent 024,transportation,2025-01-20,4,370.75,317.00,53.75
24,Agent 024,transportation,2025-01-21,6,344.50,264.50,80.00
24,Agent 024,transportation,2025-01-22,7,395.43,307.71,87.71
24,Agent 024,transportation,2025-01-23,7,409.29,345.71,63.57
24,Agent 024,transportation,2025-01-24,2,762.00,603.00,159.00
24,Agent 024,transportation,2025-01-25,2,514.00,402.00,112.00
24,Agent 024,transportation,2025-01-26,2,691.50,590.50,101.00
24,Agent 024,transportation,2025-01-27,3,269.33,207.33,62.00
24,Agent 024,transportation,2025-01-28,2,237.00,188.00,49.00
24,Agent 024,transportation,2025-01-29,3,333.33,269.67,63.67
24,Agent 024,transportation,2025-01-30,4,523.00,412.25,110.75
24,Agent 024,transportation,2025-01-31,5,608.80,497.00,111.80
25,Agent 025,transportation,2025-01-01,1,1097.00,988.00,109.00
25,Agent 025,transportation,2025-01-02,2,383.00,346.50,36.50
25,Agent 025,transportation,2025-01-03,3,697.67,616.67,81.00
25,Agent 025,transportation,2025-01-04,1,674.00,556.00,118.00
25,Agent 025,transportation,2025-01-05,1,311.00,226.00,85.00
25,Agent 025,transportation,2025-01-06,1,1164.00,1154.00,10.00
25,Agent 025,transportation,2025-01-07,3,353.00,243.00,110.00
25,Agent 025,transportation,2025-01-08,5,398.20,309.20,89.00
25,Agent 025,transportation,2025-01-09,3,468.33,375.33,93.00
25,Agent 025,transportation,2025-01-10,4,258.00,227.50,30.50
25,Agent 025,transportation,2025-01-11,4,519.75,422.50,97.25
25,Agent 025,transportation,2025-01-12,1,421.00,238.00,183.00
25,Agent 025,transportation,2025-01-13,2,328.50,249.50,79.00
25,Agent 025,transportation,2025-01-14,1,548.00,459.00,89.00
25,Agent 025,transportation,2025-01-15,7,330.86,260.14,70.71
25,Agent 025,transportation,2025-01-16,7,482.00,425.14,56.86
25,Agent 025,transportation,2025-01-17,3,410.33,334.67,75.67
25,Agent 025,transportation,2025-01-18,3,862.67,757.33,105.33
25,Agent 025,transportation,2025-01-19,3,436.33,342.00,94.33
25,Agent 025,transportation,2025-01-20,1,674.00,595.00,79.00
25,Agent 025,transportation,2025-01-21,2,468.00,418.00,50.00
25,Agent 025,transportation,2025-01-22,5,422.20,281.60,140.60
25,Agent 025,transportation,2025-01-23,3,380.00,354.33,25.67
25,Agent 025,transportation,2025-01-25,1,931.00,860.00,71.00
25,Agent 025,transportation,2025-01-26,1,480.00,351.00,129.00
25,Agent 025,transportation,2025-01-27,4,465.75,436.00,29.75
25,Agent 025,transportation,2025-01-28,2,459.50,367.00,92.50
25,Agent 025,transportation,2025-01-29,6,457.83,416.00,41.83
25,Agent 025,transportation,2025-01-30,4,333.25,276.50,56.75
25,Agent 025,transportation,2025-01-31,9,488.56,416.89,71.67
26,Agent 026,transportation,2025-01-01,2,586.50,528.00,58.50
26,Agent 026,transportation,2025-01-02,4,391.25,338.25,53.00
26,Agent 026,transportation,2025-01-03,4,634.75,546.50,88.25
26,Agent 026,transportation,2025-01-04,3,541.00,431.67,109.33
26,Agent 026,transportation,2025-01-05,3,383.00,327.33,55.67
26,Agent 026,transportation,2025-01-06,2,255.50,190.00,65.50
26,Agent 026,transportation,2025-01-07,4,367.00,334.75,32.25
26,Agent 026,transportation,2025-01-08,4,271.75,209.25,62.50
26,Agent 026,transportation,2025-01-09,2,935.50,880.50,55.00
26,Agent 026,transportation,2025-01-10,7,364.86,277.86,87.00
26,Agent 026,transportation,2025-01-11,2,515.50,427.50,88.00
26,Agent 026,transportation,2025-01-12,4,266.25,212.25,54.00
26,Agent 026,transportation,2025-01-13,3,541.67,424.67,117.00
26,Agent 026,transportation,2025-01-14,3,351.00,307.67,43.33
26,Agent 026,transportation,2025-01-15,5,330.80,284.60,46.20
26,Agent 026,transportation,2025-01-16,4,451.75,391.75,60.00
26,Agent 026,transportation,2025-01-17,1,229.00,219.00,10.00
26,Agent 026,transportation,2025-01-19,4,386.25,339.50,46.75
26,Agent 026,transportation,2025-01-20,4,326.25,234.75,91.50
26,Agent 026,transportation,2025-01-21,1,376.00,349.00,27.00
26,Agent 026,transportation,2025-01-22,8,523.50,457.88,65.62
26,Agent 026,transportation,2025-01-23,5,682.80,610.60,72.20
26,Agent 026,transportation,2025-01-24,5,423.40,359.60,63.80
26,Agent 026,transportation,2025-01-26,3,504.67,421.00,83.67
26,Agent 026,transportation,2025-01-27,1,580.00,543.00,37.00
26,Agent 026,transportation,2025-01-28,1,274.00,222.00,52.00
26,Agent 026,transportation,2025-01-29,2,412.50,344.50,68.00
26,Agent 026,transportation,2025-01-30,4,466.00,420.75,45.25
26,Agent 026,transportation,2025-01-31,3,352.00,314.33,37.67
27,Agent 027,transportation,2025-01-01,2,398.00,352.50,45.50
27,Agent 027,transportation,2025-01-02,1,931.00,908.00,23.00
27,Agent 027,transportation,2025-01-03,5,465.80,407.40,58.40
27,Agent 027,transportation,2025-01-04,3,225.67,175.67,50.00
27,Agent 027,transportation,2025-01-05,4,507.25,440.25,67.00
27,Agent 027,transportation,2025-01-06,3,662.67,556.67,106.00
27,Agent 027,transportation,2025-01-07,4,659.50,547.50,112.00
27,Agent 027,transportation,2025-01-08,2,327.50,273.00,54.50
27,Agent 027,transportation,2025-01-09,4,558.00,469.00,89.00
27,Agent 027,transportation,2025-01-10,6,368.00,326.50,41.50
27,Agent 027,transportation,2025-01-11,4,281.00,205.00,76.00
27,Agent 027,transportation,2025-01-12,1,719.00,670.00,49.00
27,Agent 027,transportation,2025-01-13,1,332.00,162.00,170.00
27,Agent 027,transportation,2025-01-14,5,398.80,311.60,87.20
27,Agent 027,transportation,2025-01-15,5,521.80,470.20,51.60
27,Agent 027,transportation,2025-01-16,3,419.00,367.33,51.67
27,Agent 027,transportation,2025-01-17,2,375.00,307.50,67.50
27,Agent 027,transportation,2025-01-18,3,455.33,371.00,84.33
27,Agent 027,transportation,2025-01-19,1,198.00,166.00,32.00
27,Agent 027,transportation,2025-01-20,5,767.80,635.60,132.20
27,Agent 027,transportation,2025-01-21,2,329.00,254.00,75.00
27,Agent 027,transportation,2025-01-22,4,360.75,306.75,54.00
27,Agent 027,transportation,2025-01-23,9,442.11,366.22,75.89
27,Agent 027,transportation,2025-01-24,5,290.40,218.00,72.40
27,Agent 027,transportation,2025-01-25,1,101.00,65.00,36.00
27,Agent 027,transportation,2025-01-26,1,635.00,482.00,153.00
27,Agent 027,transportation,2025-01-27,1,471.00,315.00,156.00
27,Agent 027,transportation,2025-01-28,2,303.00,190.00,113.00
27,Agent 027,transportation,2025-01-29,2,479.50,410.00,69.50
27,Agent 027,transportation,2025-01-30,3,357.33,322.67,34.67
27,Agent 027,transportation,2025-01-31,8,388.25,326.00,62.25
28,Agent 028,transportation,2025-01-02,4,430.25,345.00,85.25
28,Agent 028,transportation,2025-01-03,3,617.33,543.67,73.67
28,Agent 028,transportation,2025-01-04,3,632.67,568.00,64.67
28,Agent 028,transportation,2025-01-05,3,476.67,433.67,43.00
28,Agent 028,transportation,2025-01-06,4,462.25,384.75,77.50
28,Agent 028,transportation,2025-01-07,2,453.00,330.50,122.50
28,Agent 028,transportation,2025-01-08,1,269.00,170.00,99.00
28,Agent 028,transportation,2025-01-09,2,299.00,253.50,45.50
28,Agent 028,transportation,2025-01-10,4,322.50,234.25,88.25
28,Agent 028,transportation,2025-01-11,1,383.00,330.00,53.00
28,Agent 028,transportation,2025-01-12,2,449.00,274.50,174.50
28,Agent 028,transportation,2025-01-13,2,594.50,527.50,67.00
28,Agent 028,transportation,2025-01-14,2,631.50,611.00,20.50
28,Agent 028,transportation,2025-01-15,4,315.50,277.00,38.50
28,Agent 028,transportation,2025-01-16,2,389.00,329.50,59.50
28,Agent 028,transportation,2025-01-17,2,441.50,397.00,44.50
28,Agent 028,transportation,2025-01-18,2,373.50,304.00,69.50
28,Agent 028,transportation,2025-01-19,3,375.67,328.67,47.00
28,Agent 028,transportation,2025-01-20,1,276.00,216.00,60.00
28,Agent 028,transportation,2025-01-21,4,452.50,385.00,67.50
28,Agent 028,transportation,2025-01-22,5,644.80,567.40,77.40
28,Agent 028,transportation,2025-01-23,2,489.50,410.50,79.00
28,Agent 028,transportation,2025-01-24,4,431.25,356.75,74.50
28,Agent 028,transportation,2025-01-25,2,400.00,326.00,74.00
28,Agent 028,transportation,2025-01-27,5,558.20,500.20,58.00
28,Agent 028,transportation,2025-01-28,1,266.00,134.00,132.00
28,Agent 028,transportation,2025-01-29,2,826.50,678.50,148.00
28,Agent 028,transportation,2025-01-30,5,776.20,692.20,84.00
28,Agent 028,transportation,2025-01-31,8,435.00,348.38,86.62
29,Agent 029,transportation,2025-01-02,1,720.00,630.00,90.00
29,Agent 029,transportation,2025-01-03,1,214.00,182.00,32.00
29,Agent 029,transportation,2025-01-04,4,318.75,251.50,67.25
29,Agent 029,transportation,2025-01-05,1,313.00,303.00,10.00
29,Agent 029,transportation,2025-01-06,2,607.50,560.50,47.00
29,Agent 029,transportation,2025-01-07,3,636.67,569.67,67.00
29,Agent 029,transportation,2025-01-08,3,304.67,226.67,78.00
29,Agent 029,transportation,2025-01-09,5,446.80,307.60,139.20
29,Agent 029,transportation,2025-01-10,3,509.67,417.33,92.33
29,Agent 029,transportation,2025-01-11,3,369.00,260.67,108.33
29,Agent 029,transportation,2025-01-12,4,527.00,452.25,74.75
29,Agent 029,transportation,2025-01-13,1,445.00,378.00,67.00
29,Agent 029,transportation,2025-01-14,6,456.67,393.00,63.67
29,Agent 029,transportation,2025-01-15,5,447.20,356.80,90.40
29,Agent 029,transportation,2025-01-16,7,649.43,595.71,53.71
29,Agent 029,transportation,2025-01-17,3,414.33,345.00,69.33
29,Agent 029,transportation,2025-01-18,2,459.00,352.00,107.00
29,Agent 029,transportation,2025-01-19,1,358.00,195.00,163.00
29,Agent 029,transportation,2025-01-20,2,651.00,595.50,55.50
29,Agent 029,transportation,2025-01-21,3,379.67,340.33,39.33
29,Agent 029,transportation,2025-01-22,2,518.00,399.50,118.50
29,Agent 029,transportation,2025-01-23,4,626.50,585.25,41.25
29,Agent 029,transportation,2025-01-24,4,314.00,277.25,36.75
29,Agent 029,transportation,2025-01-25,1,878.00,811.00,67.00
29,Agent 029,transportation,2025-01-26,2,520.50,489.00,31.50
29,Agent 029,transportation,2025-01-27,5,312.20,274.20,38.00
29,Agent 029,transportation,2025-01-28,1,447.00,405.00,42.00
29,Agent 029,transportation,2025-01-29,5,464.00,422.00,42.00
29,Agent 029,transportation,2025-01-30,6,354.33,284.17,70.17
29,Agent 029,transportation,2025-01-31,4,386.75,290.00,96.75
30,Agent 030,transportation,2025-01-01,4,634.75,550.00,84.75
30,Agent 030,transportation,2025-01-02,6,888.00,797.17,90.83
30,Agent 030,transportation,2025-01-03,3,600.33,411.67,188.67
30,Agent 030,transportation,2025-01-04,3,428.33,369.67,58.67
30,Agent 030,transportation,2025-01-05,1,223.00,188.00,35.00
30,Agent 030,transportation,2025-01-06,3,447.33,366.67,80.67
30,Agent 030,transportation,2025-01-07,2,368.00,264.00,104.00
30,Agent 030,transportation,2025-01-08,4,287.75,217.75,70.00
30,Agent 030,transportation,2025-01-09,5,408.60,315.00,93.60
30,Agent 030,transportation,2025-01-10,3,382.33,343.67,38.67
30,Agent 030,transportation,2025-01-11,3,368.00,271.67,96.33
30,Agent 030,transportation,2025-01-12,2,420.00,383.00,37.00
30,Agent 030,transportation,2025-01-13,2,301.00,235.00,66.00
30,Agent 030,transportation,2025-01-14,3,253.33,159.00,94.33
30,Agent 030,transportation,2025-01-15,2,452.00,390.00,62.00
30,Agent 030,transportation,2025-01-16,5,428.00,351.80,76.20
30,Agent 030,transportation,2025-01-17,1,596.00,580.00,16.00
30,Agent 030,transportation,2025-01-18,1,504.00,445.00,59.00
30,Agent 030,transportation,2025-01-19,1,361.00,274.00,87.00
30,Agent 030,transportation,2025-01-20,3,276.33,232.33,44.00
30,Agent 030,transportation,2025-01-21,5,332.20,292.60,39.60
30,Agent 030,transportation,2025-01-22,2,318.50,286.00,32.50
30,Agent 030,transportation,2025-01-23,5,357.80,288.80,69.00
30,Agent 030,transportation,2025-01-24,2,392.00,319.50,72.50
30,Agent 030,transportation,2025-01-25,4,420.00,334.75,85.25
30,Agent 030,transportation,2025-01-26,1,367.00,283.00,84.00
30,Agent 030,transportation,2025-01-27,3,372.00,332.00,40.00
30,Agent 030,transportation,2025-01-28,3,602.00,514.67,87.33
30,Agent 030,transportation,2025-01-29,6,486.83,417.33,69.50
30,Agent 030,transportation,2025-01-30,3,403.00,347.33,55.67
30,Agent 030,transportation,2025-01-31,7,373.14,330.57,42.57
31,Agent 031,transportation,2025-01-01,1,273.00,233.00,40.00
31,Agent 031,transportation,2025-01-02,3,393.67,323.67,70.00
31,Agent 031,transportation,2025-01-03,9,426.56,356.89,69.67
31,Agent 031,transportation,2025-01-04,4,534.00,480.75,53.25
31,Agent 031,transportation,2025-01-05,1,454.00,436.00,18.00
31,Agent 031,transportation,2025-01-06,2,550.50,457.50,93.00
31,Agent 031,transportation,2025-01-07,2,389.50,330.00,59.50
31,Agent 031,transportation,2025-01-08,3,409.00,373.67,35.33
31,Agent 031,transportation,2025-01-09,2,498.00,445.50,52.50
31,Agent 031,transportation,2025-01-10,2,290.50,224.50,66.00
31,Agent 031,transportation,2025-01-11,3,734.00,680.67,53.33
31,Agent 031,transportation,2025-01-12,1,544.00,466.00,78.00
31,Agent 031,transportation,2025-01-13,3,387.00,342.33,44.67
31,Agent 031,transportation,2025-01-14,2,362.00,270.50,91.50
31,Agent 031,transportation,2025-01-15,1,448.00,427.00,21.00
31,Agent 031,transportation,2025-01-16,4,484.00,422.00,62.00
31,Agent 031,transportation,2025-01-17,6,356.17,329.17,27.00
31,Agent 031,transportation,2025-01-18,5,657.00,617.60,39.40
31,Agent 031,transportation,2025-01-19,1,441.00,286.00,155.00
31,Agent 031,transportation,2025-01-20,3,410.00,353.33,56.67
31,Agent 031,transportation,2025-01-21,6,354.33,255.50,98.83
31,Agent 031,transportation,2025-01-22,5,402.40,360.20,42.20
31,Agent 031,transportation,2025-01-23,4,424.25,368.50,55.75
31,Agent 031,transportation,2025-01-24,2,615.50,579.00,36.50
31,Agent 031,transportation,2025-01-25,2,478.00,450.50,27.50
31,Agent 031,transportation,2025-01-28,3,444.00,354.00,90.00
31,Agent 031,transportation,2025-01-29,5,368.20,308.60,59.60
31,Agent 031,transportation,2025-01-30,4,568.00,484.25,83.75
31,Agent 031,transportation,2025-01-31,6,408.83,339.50,69.33
32,Agent 032,transportation,2025-01-02,5,454.60,399.00,55.60
32,Agent 032,transportation,2025-01-03,1,1193.00,1125.00,68.00
32,Agent 032,transportation,2025-01-04,2,357.50,290.00,67.50
32,Agent 032,transportation,2025-01-05,2,307.00,219.50,87.50
32,Agent 032,transportation,2025-01-06,2,638.00,596.00,42.00
32,Agent 032,transportation,2025-01-07,4,360.25,260.00,100.25
32,Agent 032,transportation,2025-01-08,2,513.00,427.00,86.00
32,Agent 032,transportation,2025-01-09,3,576.00,504.00,72.00
32,Agent 032,transportation,2025-01-10,4,572.75,492.75,80.00
32,Agent 032,transportation,2025-01-11,1,164.00,141.00,23.00
32,Agent 032,transportation,2025-01-12,1,312.00,270.00,42.00
32,Agent 032,transportation,2025-01-13,2,278.50,261.50,17.00
32,Agent 032,transportation,2025-01-14,4,623.75,576.25,47.50
32,Agent 032,transportation,2025-01-15,2,534.00,494.00,40.00
32,Agent 032,transportation,2025-01-16,4,411.25,371.00,40.25
32,Agent 032,transportation,2025-01-17,2,284.50,218.50,66.00
32,Agent 032,transportation,2025-01-18,4,393.75,337.25,56.50
32,Agent 032,transportation,2025-01-19,4,408.75,343.25,65.50
32,Agent 032,transportation,2025-01-20,3,448.33,321.67,126.67
32,Agent 032,transportation,2025-01-21,5,532.20,471.40,60.80
32,Agent 032,transportation,2025-01-22,4,414.25,363.25,51.00
32,Agent 032,transportation,2025-01-23,3,730.00,679.33,50.67
32,Agent 032,transportation,2025-01-24,2,632.50,601.50,31.00
32,Agent 032,transportation,2025-01-25,3,524.67,472.00,52.67
32,Agent 032,transportation,2025-01-26,4,505.00,428.50,76.50
32,Agent 032,transportation,2025-01-27,6,298.00,205.00,93.00
32,Agent 032,transportation,2025-01-28,2,289.50,249.50,40.00
32,Agent 032,transportation,2025-01-29,4,443.25,377.00,66.25
32,Agent 032,transportation,2025-01-30,3,572.00,526.33,45.67
32,Agent 032,transportation,2025-01-31,6,618.17,519.00,99.17
33,Agent 033,public_safety,2025-01-01,4,434.25,361.00,73.25
33,Agent 033,public_safety,2025-01-02,1,458.00,345.00,113.00
33,Agent 033,public_safety,2025-01-03,1,309.00,241.00,68.00
33,Agent 033,public_safety,2025-01-06,2,439.00,388.50,50.50
33,Agent 033,public_safety,2025-01-07,2,646.50,602.50,44.00
33,Agent 033,public_safety,2025-01-08,2,250.50,191.00,59.50
33,Agent 033,public_safety,2025-01-09,1,667.00,559.00,108.00
33,Agent 033,public_safety,2025-01-10,2,284.50,208.00,76.50
33,Agent 033,public_safety,2025-01-13,1,460.00,428.00,32.00
33,Agent 033,public_safety,2025-01-14,1,247.00,156.00,91.00
33,Agent 033,public_safety,2025-01-15,1,270.00,259.00,11.00
33,Agent 033,public_safety,2025-01-16,1,225.00,192.00,33.00
33,Agent 033,public_safety,2025-01-19,2,462.50,446.00,16.50
33,Agent 033,public_safety,2025-01-20,1,274.00,240.00,34.00
33,Agent 033,public_safety,2025-01-21,4,465.50,423.25,42.25
33,Agent 033,public_safety,2025-01-22,2,294.50,263.00,31.50
33,Agent 033,public_safety,2025-01-24,1,481.00,390.00,91.00
33,Agent 033,public_safety,2025-01-25,3,449.00,422.33,26.67
33,Agent 033,public_safety,2025-01-27,1,269.00,220.00,49.00
33,Agent 033,public_safety,2025-01-29,3,426.33,394.00,32.33
33,Agent 033,public_safety,2025-01-30,1,575.00,510.00,65.00
34,Agent 034,public_safety,2025-01-01,7,374.29,307.00,67.29
34,Agent 034,public_safety,2025-01-04,1,258.00,243.00,15.00
34,Agent 034,public_safety,2025-01-05,3,459.33,401.33,58.00
34,Agent 034,public_safety,2025-01-10,1,329.00,206.00,123.00
34,Agent 034,public_safety,2025-01-11,1,209.00,124.00,85.00
34,Agent 034,public_safety,2025-01-13,1,183.00,173.00,10.00
34,Agent 034,public_safety,2025-01-14,1,316.00,306.00,10.00
34,Agent 034,public_safety,2025-01-15,2,295.00,240.00,55.00
34,Agent 034,public_safety,2025-01-17,2,382.50,300.50,82.00
34,Agent 034,public_safety,2025-01-18,1,640.00,597.00,43.00
34,Agent 034,public_safety,2025-01-20,3,463.67,415.33,48.33
34,Agent 034,public_safety,2025-01-23,2,314.00,280.00,34.00
34,Agent 034,public_safety,2025-01-26,1,457.00,397.00,60.00
34,Agent 034,public_safety,2025-01-27,3,369.00,303.33,65.67
34,Agent 034,public_safety,2025-01-28,1,321.00,311.00,10.00
34,Agent 034,public_safety,2025-01-29,6,460.83,391.00,69.83
34,Agent 034,public_safety,2025-01-30,1,406.00,367.00,39.00
34,Agent 034,public_safety,2025-01-31,1,388.00,322.00,66.00
35,Agent 035,public_safety,2025-01-01,7,450.29,413.29,37.00
35,Agent 035,public_safety,2025-01-03,2,184.00,137.00,47.00
35,Agent 035,public_safety,2025-01-04,2,747.00,718.00,29.00
35,Agent 035,public_safety,2025-01-07,3,341.33,298.00,43.33
35,Agent 035,public_safety,2025-01-08,1,301.00,256.00,45.00
35,Agent 035,public_safety,2025-01-09,1,467.00,440.00,27.00
35,Agent 035,public_safety,2025-01-10,1,406.00,333.00,73.00
35,Agent 035,public_safety,2025-01-11,1,634.00,584.00,50.00
35,Agent 035,public_safety,2025-01-12,2,475.00,411.00,64.00
35,Agent 035,public_safety,2025-01-14,2,279.50,222.00,57.50
35,Agent 035,public_safety,2025-01-17,2,393.50,332.00,61.50
35,Agent 035,public_safety,2025-01-18,2,268.00,242.50,25.50
35,Agent 035,public_safety,2025-01-20,2,443.00,392.00,51.00
35,Agent 035,public_safety,2025-01-21,2,120.00,107.50,12.50
35,Agent 035,public_safety,2025-01-22,3,573.33,466.00,107.33
35,Agent 035,public_safety,2025-01-24,1,333.00,246.00,87.00
35,Agent 035,public_safety,2025-01-25,2,654.50,554.00,100.50
35,Agent 035,public_safety,2025-01-26,2,317.00,293.50,23.50
35,Agent 035,public_safety,2025-01-27,1,235.00,141.00,94.00
35,Agent 035,public_safety,2025-01-28,2,452.50,370.00,82.50
35,Agent 035,public_safety,2025-01-31,1,442.00,349.00,93.00
36,Agent 036,public_safety,2025-01-01,9,517.89,435.89,82.00
36,Agent 036,public_safety,2025-01-02,2,582.50,564.50,18.00
36,Agent 036,public_safety,2025-01-03,1,421.00,380.00,41.00
36,Agent 036,public_safety,2025-01-04,3,509.00,438.00,71.00
36,Agent 036,public_safety,2025-01-05,4,258.00,205.25,52.75
36,Agent 036,public_safety,2025-01-07,2,403.50,306.50,97.00
36,Agent 036,public_safety,2025-01-10,3,412.00,293.00,119.00
36,Agent 036,public_safety,2025-01-12,2,513.00,472.00,41.00
36,Agent 036,public_safety,2025-01-13,1,401.00,365.00,36.00
36,Agent 036,public_safety,2025-01-14,1,469.00,298.00,171.00
36,Agent 036,public_safety,2025-01-16,1,397.00,208.00,189.00
36,Agent 036,public_safety,2025-01-20,2,672.00,535.00,137.00
36,Agent 036,public_safety,2025-01-21,1,239.00,229.00,10.00
36,Agent 036,public_safety,2025-01-22,1,432.00,276.00,156.00
36,Agent 036,public_safety,2025-01-23,2,204.50,188.50,16.00
36,Agent 036,public_safety,2025-01-24,1,608.00,518.00,90.00
36,Agent 036,public_safety,2025-01-25,1,401.00,375.00,26.00
36,Agent 036,public_safety,2025-01-26,2,448.00,341.00,107.00
36,Agent 036,public_safety,2025-01-27,3,607.00,547.00,60.00
36,Agent 036,public_safety,2025-01-28,2,275.50,251.00,24.50
36,Agent 036,public_safety,2025-01-29,3,415.33,365.67,49.67
36,Agent 036,public_safety,2025-01-30,1,476.00,411.00,65.00
36,Agent 036,public_safety,2025-01-31,4,361.75,301.75,60.00
37,Agent 037,public_safety,2025-01-01,9,420.56,360.33,60.22
37,Agent 037,public_safety,2025-01-02,1,295.00,239.00,56.00
37,Agent 037,public_safety,2025-01-03,1,566.00,548.00,18.00
37,Agent 037,public_safety,2025-01-04,2,488.00,425.50,62.50
37,Agent 037,public_safety,2025-01-06,1,476.00,338.00,138.00
37,Agent 037,public_safety,2025-01-07,2,668.50,608.50,60.00
37,Agent 037,public_safety,2025-01-08,1,623.00,497.00,126.00
37,Agent 037,public_safety,2025-01-09,2,281.50,220.00,61.50
37,Agent 037,public_safety,2025-01-10,1,1132.00,1068.00,64.00
37,Agent 037,public_safety,2025-01-11,2,950.50,815.00,135.50
37,Agent 037,public_safety,2025-01-14,1,428.00,340.00,88.00
37,Agent 037,public_safety,2025-01-19,2,467.00,379.00,88.00
37,Agent 037,public_safety,2025-01-20,2,489.00,447.50,41.50
37,Agent 037,public_safety,2025-01-22,4,566.25,473.50,92.75
37,Agent 037,public_safety,2025-01-23,1,624.00,578.00,46.00
37,Agent 037,public_safety,2025-01-24,1,348.00,317.00,31.00
37,Agent 037,public_safety,2025-01-25,1,220.00,161.00,59.00
37,Agent 037,public_safety,2025-01-26,2,465.00,339.00,126.00
37,Agent 037,public_safety,2025-01-28,4,408.50,333.25,75.25
37,Agent 037,public_safety,2025-01-29,4,303.00,228.75,74.25
37,Agent 037,public_safety,2025-01-30,2,582.00,501.00,81.00
38,Agent 038,public_safety,2025-01-01,6,362.17,301.67,60.50
38,Agent 038,public_safety,2025-01-03,1,303.00,191.00,112.00
38,Agent 038,public_safety,2025-01-04,2,491.50,414.00,77.50
38,Agent 038,public_safety,2025-01-07,1,273.00,143.00,130.00
38,Agent 038,public_safety,2025-01-08,2,254.50,193.00,61.50
38,Agent 038,public_safety,2025-01-09,2,576.50,390.00,186.50
38,Agent 038,public_safety,2025-01-10,2,249.50,194.50,55.00
38,Agent 038,public_safety,2025-01-11,1,323.00,222.00,101.00
38,Agent 038,public_safety,2025-01-14,2,456.50,434.00,22.50
38,Agent 038,public_safety,2025-01-15,1,293.00,212.00,81.00
38,Agent 038,public_safety,2025-01-18,1,271.00,258.00,13.00
38,Agent 038,public_safety,2025-01-19,1,400.00,280.00,120.00
38,Agent 038,public_safety,2025-01-22,1,189.00,170.00,19.00
38,Agent 038,public_safety,2025-01-23,3,373.33,317.00,56.33
38,Agent 038,public_safety,2025-01-24,2,418.50,362.00,56.50
38,Agent 038,public_safety,2025-01-28,1,551.00,498.00,53.00
38,Agent 038,public_safety,2025-01-29,3,420.67,330.00,90.67
38,Agent 038,public_safety,2025-01-30,3,281.00,183.33,97.67
38,Agent 038,public_safety,2025-01-31,1,349.00,260.00,89.00
39,Agent 039,public_safety,2025-01-01,7,379.00,302.57,76.43
39,Agent 039,public_safety,2025-01-03,1,422.00,400.00,22.00
39,Agent 039,public_safety,2025-01-04,1,562.00,523.00,39.00
39,Agent 039,public_safety,2025-01-05,1,637.00,585.00,52.00
39,Agent 039,public_safety,2025-01-06,1,363.00,287.00,76.00
39,Agent 039,public_safety,2025-01-07,1,201.00,148.00,53.00
39,Agent 039,public_safety,2025-01-08,1,381.00,295.00,86.00
39,Agent 039,public_safety,2025-01-09,2,379.00,361.00,18.00
39,Agent 039,public_safety,2025-01-12,1,77.00,67.00,10.00
39,Agent 039,public_safety,2025-01-13,1,216.00,182.00,34.00
39,Agent 039,public_safety,2025-01-14,3,385.00,304.67,80.33
39,Agent 039,public_safety,2025-01-16,3,490.00,420.67,69.33
39,Agent 039,public_safety,2025-01-17,2,294.00,225.00,69.00
39,Agent 039,public_safety,2025-01-19,1,222.00,181.00,41.00
39,Agent 039,public_safety,2025-01-20,1,618.00,565.00,53.00
39,Agent 039,public_safety,2025-01-21,1,288.00,235.00,53.00
39,Agent 039,public_safety,2025-01-23,2,339.00,255.00,84.00
39,Agent 039,public_safety,2025-01-25,3,381.00,272.33,108.67
39,Agent 039,public_safety,2025-01-27,2,214.50,156.50,58.00
39,Agent 039,public_safety,2025-01-28,2,325.00,312.50,12.50
39,Agent 039,public_safety,2025-01-29,2,681.00,553.50,127.50
39,Agent 039,public_safety,2025-01-30,4,435.50,330.75,104.75
40,Agent 040,public_safety,2025-01-01,6,381.17,342.00,39.17
40,Agent 040,public_safety,2025-01-02,1,552.00,538.00,14.00
40,Agent 040,public_safety,2025-01-04,2,487.00,388.00,99.00
40,Agent 040,public_safety,2025-01-05,1,169.00,95.00,74.00
40,Agent 040,public_safety,2025-01-09,1,858.00,704.00,154.00
40,Agent 040,public_safety,2025-01-11,1,489.00,396.00,93.00
40,Agent 040,public_safety,2025-01-12,3,583.67,487.67,96.00
40,Agent 040,public_safety,2025-01-14,5,624.80,562.60,62.20
40,Agent 040,public_safety,2025-01-15,3,436.67,368.67,68.00
40,Agent 040,public_safety,2025-01-17,2,483.00,430.50,52.50
40,Agent 040,public_safety,2025-01-18,2,703.50,617.50,86.00
40,Agent 040,public_safety,2025-01-20,1,1191.00,1052.00,139.00
40,Agent 040,public_safety,2025-01-21,3,352.67,300.67,52.00
40,Agent 040,public_safety,2025-01-23,2,259.00,192.00,67.00
40,Agent 040,public_safety,2025-01-24,2,575.50,448.00,127.50
40,Agent 040,public_safety,2025-01-26,1,372.00,334.00,38.00
40,Agent 040,public_safety,2025-01-27,2,301.00,247.00,54.00
40,Agent 040,public_safety,2025-01-28,1,351.00,280.00,71.00
40,Agent 040,public_safety,2025-01-29,7,467.57,377.43,90.14
40,Agent 040,public_safety,2025-01-31,4,313.00,205.00,108.00
41,Agent 041,general,2025-01-08,1,424.00,211.00,213.00
41,Agent 041,general,2025-01-10,1,529.00,490.00,39.00
41,Agent 041,general,2025-01-12,1,302.00,224.00,78.00
41,Agent 041,general,2025-01-13,2,328.50,240.00,88.50
41,Agent 041,general,2025-01-14,6,699.67,637.00,62.67
41,Agent 041,general,2025-01-15,2,793.00,697.00,96.00
41,Agent 041,general,2025-01-16,1,491.00,404.00,87.00
41,Agent 041,general,2025-01-18,1,390.00,355.00,35.00
41,Agent 041,general,2025-01-19,1,522.00,505.00,17.00
41,Agent 041,general,2025-01-20,1,407.00,239.00,168.00
41,Agent 041,general,2025-01-21,5,487.00,378.60,108.40
41,Agent 041,general,2025-01-23,1,505.00,458.00,47.00
41,Agent 041,general,2025-01-24,3,662.33,565.67,96.67
41,Agent 041,general,2025-01-26,4,293.25,243.75,49.50
41,Agent 041,general,2025-01-27,2,345.00,281.00,64.00
41,Agent 041,general,2025-01-28,5,403.40,311.40,92.00
41,Agent 041,general,2025-01-29,1,277.00,168.00,109.00
41,Agent 041,general,2025-01-30,2,456.00,415.50,40.50
42,Agent 042,general,2025-01-02,1,275.00,198.00,77.00
42,Agent 042,general,2025-01-06,1,270.00,234.00,36.00
42,Agent 042,general,2025-01-07,3,487.67,401.67,86.00
42,Agent 042,general,2025-01-08,2,426.50,392.00,34.50
42,Agent 042,general,2025-01-09,1,205.00,181.00,24.00
42,Agent 042,general,2025-01-10,2,530.50,451.50,79.00
42,Agent 042,general,2025-01-11,1,230.00,170.00,60.00
42,Agent 042,general,2025-01-12,1,507.00,423.00,84.00
42,Agent 042,general,2025-01-13,1,824.00,814.00,10.00
42,Agent 042,general,2025-01-14,1,449.00,363.00,86.00
42,Agent 042,general,2025-01-16,3,527.00,467.67,59.33
42,Agent 042,general,2025-01-17,1,518.00,488.00,30.00
42,Agent 042,general,2025-01-21,1,929.00,795.00,134.00
42,Agent 042,general,2025-01-24,4,455.75,405.75,50.00
42,Agent 042,general,2025-01-26,4,450.50,387.00,63.50
42,Agent 042,general,2025-01-27,4,470.00,440.50,29.50
42,Agent 042,general,2025-01-28,3,346.67,284.33,62.33
42,Agent 042,general,2025-01-30,2,644.00,573.00,71.00
43,Agent 043,general,2025-01-04,2,712.00,632.00,80.00
43,Agent 043,general,2025-01-06,2,546.00,416.00,130.00
43,Agent 043,general,2025-01-07,3,346.00,283.67,62.33
43,Agent 043,general,2025-01-08,1,548.00,471.00,77.00
43,Agent 043,general,2025-01-10,1,546.00,523.00,23.00
43,Agent 043,general,2025-01-12,2,210.50,148.00,62.50
43,Agent 043,general,2025-01-13,3,602.67,536.00,66.67
43,Agent 043,general,2025-01-14,2,406.00,309.50,96.50
43,Agent 043,general,2025-01-15,1,724.00,699.00,25.00
43,Agent 043,general,2025-01-16,1,503.00,416.00,87.00
43,Agent 043,general,2025-01-17,1,190.00,180.00,10.00
43,Agent 043,general,2025-01-19,1,403.00,387.00,16.00
43,Agent 043,general,2025-01-20,2,585.00,503.00,82.00
43,Agent 043,general,2025-01-21,1,320.00,295.00,25.00
43,Agent 043,general,2025-01-22,5,778.00,709.00,69.00
43,Agent 043,general,2025-01-23,1,638.00,613.00,25.00
43,Agent 043,general,2025-01-24,3,556.67,512.67,44.00
43,Agent 043,general,2025-01-27,3,639.00,560.67,78.33
43,Agent 043,general,2025-01-28,3,436.67,353.00,83.67
43,Agent 043,general,2025-01-29,1,201.00,147.00,54.00
43,Agent 043,general,2025-01-31,2,480.00,338.50,141.50
44,Agent 044,general,2025-01-02,2,266.50,231.50,35.00
44,Agent 044,general,2025-01-03,1,455.00,422.00,33.00
44,Agent 044,general,2025-01-04,1,740.00,723.00,17.00
44,Agent 044,general,2025-01-05,2,375.00,286.00,89.00
44,Agent 044,general,2025-01-06,1,507.00,380.00,127.00
44,Agent 044,general,2025-01-07,1,1282.00,1149.00,133.00
44,Agent 044,general,2025-01-08,5,364.40,259.80,104.60
44,Agent 044,general,2025-01-10,2,329.00,233.50,95.50
44,Agent 044,general,2025-01-11,2,410.00,352.00,58.00
44,Agent 044,general,2025-01-14,1,393.00,340.00,53.00
44,Agent 044,general,2025-01-15,2,609.00,479.00,130.00
44,Agent 044,general,2025-01-16,3,338.00,234.33,103.67
44,Agent 044,general,2025-01-18,3,607.33,530.00,77.33
44,Agent 044,general,2025-01-19,1,347.00,328.00,19.00
44,Agent 044,general,2025-01-20,1,1013.00,1003.00,10.00
44,Agent 044,general,2025-01-22,1,457.00,401.00,56.00
44,Agent 044,general,2025-01-23,2,307.50,280.50,27.00
44,Agent 044,general,2025-01-25,2,460.50,422.50,38.00
44,Agent 044,general,2025-01-26,4,386.00,329.00,57.00
44,Agent 044,general,2025-01-27,4,846.75,774.25,72.50
44,Agent 044,general,2025-01-28,2,336.00,240.50,95.50
44,Agent 044,general,2025-01-30,2,266.00,194.00,72.00
45,Agent 045,general,2025-01-01,2,492.50,453.50,39.00
45,Agent 045,general,2025-01-02,2,447.00,396.50,50.50
45,Agent 045,general,2025-01-04,1,562.00,396.00,166.00
45,Agent 045,general,2025-01-05,3,290.33,246.33,44.00
45,Agent 045,general,2025-01-06,1,259.00,225.00,34.00
45,Agent 045,general,2025-01-07,1,388.00,350.00,38.00
45,Agent 045,general,2025-01-08,2,776.50,671.50,105.00
45,Agent 045,general,2025-01-10,1,394.00,330.00,64.00
45,Agent 045,general,2025-01-11,1,378.00,305.00,73.00
45,Agent 045,general,2025-01-13,2,615.50,513.50,102.00
45,Agent 045,general,2025-01-14,2,234.50,180.00,54.50
45,Agent 045,general,2025-01-15,2,431.00,408.50,22.50
45,Agent 045,general,2025-01-16,2,365.00,352.00,13.00
45,Agent 045,general,2025-01-18,1,355.00,292.00,63.00
45,Agent 045,general,2025-01-19,1,409.00,308.00,101.00
45,Agent 045,general,2025-01-20,4,479.00,390.75,88.25
45,Agent 045,general,2025-01-21,1,614.00,537.00,77.00
45,Agent 045,general,2025-01-24,4,628.25,555.00,73.25
45,Agent 045,general,2025-01-25,2,542.50,498.50,44.00
45,Agent 045,general,2025-01-26,2,429.50,400.50,29.00
45,Agent 045,general,2025-01-27,3,303.67,242.67,61.00
45,Agent 045,general,2025-01-29,1,425.00,367.00,58.00
45,Agent 045,general,2025-01-30,3,532.33,498.33,34.00
45,Agent 045,general,2025-01-31,1,509.00,328.00,181.00
46,Agent 046,general,2025-01-02,2,453.50,309.00,144.50
46,Agent 046,general,2025-01-04,2,263.50,216.00,47.50
46,Agent 046,general,2025-01-05,1,860.00,747.00,113.00
46,Agent 046,general,2025-01-06,2,547.50,464.50,83.00
46,Agent 046,general,2025-01-07,1,893.00,736.00,157.00
46,Agent 046,general,2025-01-08,1,198.00,187.00,11.00
46,Agent 046,general,2025-01-10,1,324.00,224.00,100.00
46,Agent 046,general,2025-01-11,1,384.00,245.00,139.00
46,Agent 046,general,2025-01-14,2,346.50,274.50,72.00
46,Agent 046,general,2025-01-15,1,239.00,229.00,10.00
46,Agent 046,general,2025-01-16,1,607.00,519.00,88.00
46,Agent 046,general,2025-01-17,2,529.50,454.50,75.00
46,Agent 046,general,2025-01-18,1,324.00,234.00,90.00
46,Agent 046,general,2025-01-20,1,750.00,528.00,222.00
46,Agent 046,general,2025-01-21,2,605.50,573.50,32.00
46,Agent 046,general,2025-01-22,1,233.00,164.00,69.00
46,Agent 046,general,2025-01-23,2,1271.50,1179.50,92.00
46,Agent 046,general,2025-01-26,3,404.67,338.67,66.00
46,Agent 046,general,2025-01-27,6,494.67,464.83,29.83
46,Agent 046,general,2025-01-28,4,501.50,462.25,39.25
46,Agent 046,general,2025-01-30,3,579.67,479.33,100.33
46,Agent 046,general,2025-01-31,1,725.00,672.00,53.00
47,Agent 047,general,2025-01-02,1,491.00,465.00,26.00
47,Agent 047,general,2025-01-04,2,622.50,512.00,110.50
47,Agent 047,general,2025-01-06,2,555.00,467.50,87.50
47,Agent 047,general,2025-01-07,2,310.00,266.00,44.00
47,Agent 047,general,2025-01-10,1,194.00,144.00,50.00
47,Agent 047,general,2025-01-12,1,516.00,489.00,27.00
47,Agent 047,general,2025-01-13,4,345.25,261.00,84.25
47,Agent 047,general,2025-01-14,1,238.00,170.00,68.00
47,Agent 047,general,2025-01-15,2,698.50,629.50,69.00
47,Agent 047,general,2025-01-16,2,817.50,755.00,62.50
47,Agent 047,general,2025-01-17,2,609.00,519.00,90.00
47,Agent 047,general,2025-01-18,2,642.50,528.00,114.50
47,Agent 047,general,2025-01-19,2,462.50,333.50,129.00
47,Agent 047,general,2025-01-21,1,588.00,518.00,70.00
47,Agent 047,general,2025-01-23,1,833.00,622.00,211.00
47,Agent 047,general,2025-01-25,1,428.00,401.00,27.00
47,Agent 047,general,2025-01-26,1,314.00,145.00,169.00
47,Agent 047,general,2025-01-27,3,403.33,308.00,95.33
47,Agent 047,general,2025-01-28,2,260.50,222.50,38.00
47,Agent 047,general,2025-01-30,3,310.00,274.00,36.00
48,Agent 048,general,2025-01-02,1,175.00,120.00,55.00
48,Agent 048,general,2025-01-04,1,216.00,168.00,48.00
48,Agent 048,general,2025-01-05,1,311.00,279.00,32.00
48,Agent 048,general,2025-01-06,1,374.00,272.00,102.00
48,Agent 048,general,2025-01-09,2,545.00,502.00,43.00
48,Agent 048,general,2025-01-10,1,912.00,862.00,50.00
48,Agent 048,general,2025-01-11,2,287.00,234.50,52.50
48,Agent 048,general,2025-01-16,1,114.00,102.00,12.00
48,Agent 048,general,2025-01-17,1,285.00,214.00,71.00
48,Agent 048,general,2025-01-18,2,459.00,394.50,64.50
48,Agent 048,general,2025-01-20,2,577.50,416.50,161.00
48,Agent 048,general,2025-01-21,1,2432.00,2400.00,32.00
48,Agent 048,general,2025-01-22,4,454.75,385.25,69.50
48,Agent 048,general,2025-01-24,4,408.25,318.00,90.25
48,Agent 048,general,2025-01-28,1,583.00,545.00,38.00
48,Agent 048,general,2025-01-29,1,524.00,459.00,65.00
48,Agent 048,general,2025-01-30,5,428.80,339.40,89.40
49,Agent 049,general,2025-01-01,1,257.00,225.00,32.00
49,Agent 049,general,2025-01-02,1,224.00,179.00,45.00
49,Agent 049,general,2025-01-03,1,355.00,343.00,12.00
49,Agent 049,general,2025-01-04,3,614.33,510.67,103.67
49,Agent 049,general,2025-01-05,3,443.67,388.33,55.33
49,Agent 049,general,2025-01-07,2,513.50,438.00,75.50
49,Agent 049,general,2025-01-10,1,405.00,325.00,80.00
49,Agent 049,general,2025-01-11,1,302.00,264.00,38.00
49,Agent 049,general,2025-01-12,1,386.00,361.00,25.00
49,Agent 049,general,2025-01-13,1,845.00,747.00,98.00
49,Agent 049,general,2025-01-14,2,378.50,323.50,55.00
49,Agent 049,general,2025-01-15,3,271.67,183.67,88.00
49,Agent 049,general,2025-01-16,2,555.50,492.00,63.50
49,Agent 049,general,2025-01-17,2,724.50,530.50,194.00
49,Agent 049,general,2025-01-18,1,778.00,750.00,28.00
49,Agent 049,general,2025-01-19,1,271.00,227.00,44.00
49,Agent 049,general,2025-01-20,3,536.00,439.00,97.00
49,Agent 049,general,2025-01-21,1,249.00,231.00,18.00
49,Agent 049,general,2025-01-23,3,312.67,275.33,37.33
49,Agent 049,general,2025-01-24,2,724.50,608.00,116.50
49,Agent 049,general,2025-01-26,4,531.75,484.25,47.50
49,Agent 049,general,2025-01-28,1,298.00,236.00,62.00
49,Agent 049,general,2025-01-30,1,303.00,232.00,71.00
49,Agent 049,general,2025-01-31,1,564.00,482.00,82.00
50,Agent 050,general,2025-01-02,1,548.00,466.00,82.00
50,Agent 050,general,2025-01-03,1,199.00,177.00,22.00
50,Agent 050,general,2025-01-04,1,319.00,248.00,71.00
50,Agent 050,general,2025-01-05,1,219.00,150.00,69.00
50,Agent 050,general,2025-01-07,2,442.00,343.00,99.00
50,Agent 050,general,2025-01-10,3,427.67,313.67,114.00
50,Agent 050,general,2025-01-12,1,208.00,143.00,65.00
50,Agent 050,general,2025-01-13,2,360.00,328.50,31.50
50,Agent 050,general,2025-01-14,1,958.00,860.00,98.00
50,Agent 050,general,2025-01-15,2,314.50,277.50,37.00
50,Agent 050,general,2025-01-16,3,353.33,316.67,36.67
50,Agent 050,general,2025-01-17,1,355.00,313.00,42.00
50,Agent 050,general,2025-01-19,1,1535.00,1496.00,39.00
50,Agent 050,general,2025-01-21,4,534.50,418.75,115.75
50,Agent 050,general,2025-01-23,3,361.33,295.00,66.33
50,Agent 050,general,2025-01-24,1,561.00,490.00,71.00
50,Agent 050,general,2025-01-26,1,1140.00,1078.00,62.00
50,Agent 050,general,2025-01-27,1,353.00,328.00,25.00
50,Agent 050,general,2025-01-28,5,457.60,393.80,63.80
50,Agent 050,general,2025-01-30,3,367.33,307.00,60.33
50,Agent 050,general,2025-01-31,2,732.50,637.00,95.50
51,Agent 051,general,2025-01-02,1,708.00,605.00,103.00
51,Agent 051,general,2025-01-04,3,624.67,517.67,107.00
51,Agent 051,general,2025-01-05,1,350.00,286.00,64.00
51,Agent 051,general,2025-01-07,1,2008.00,1954.00,54.00
51,Agent 051,general,2025-01-08,1,560.00,529.00,31.00
51,Agent 051,general,2025-01-10,5,396.60,316.40,80.20
51,Agent 051,general,2025-01-11,1,984.00,857.00,127.00
51,Agent 051,general,2025-01-13,2,265.50,201.50,64.00
51,Agent 051,general,2025-01-16,2,484.00,326.00,158.00
51,Agent 051,general,2025-01-18,1,478.00,452.00,26.00
51,Agent 051,general,2025-01-21,1,530.00,328.00,202.00
51,Agent 051,general,2025-01-22,2,612.00,554.00,58.00
51,Agent 051,general,2025-01-23,2,490.50,425.00,65.50
51,Agent 051,general,2025-01-24,3,516.67,456.33,60.33
51,Agent 051,general,2025-01-26,4,444.25,404.50,39.75
51,Agent 051,general,2025-01-28,3,208.67,159.67,49.00
51,Agent 051,general,2025-01-29,2,746.50,713.50,33.00
51,Agent 051,general,2025-01-31,1,814.00,769.00,45.00
52,Agent 052,general,2025-01-02,1,307.00,176.00,131.00
52,Agent 052,general,2025-01-03,2,227.00,200.50,26.50
52,Agent 052,general,2025-01-04,2,472.50,404.50,68.00
52,Agent 052,general,2025-01-06,2,362.50,315.00,47.50
52,Agent 052,general,2025-01-08,3,496.67,434.00,62.67
52,Agent 052,general,2025-01-10,1,971.00,903.00,68.00
52,Agent 052,general,2025-01-11,2,391.00,314.50,76.50
52,Agent 052,general,2025-01-13,2,611.50,599.50,12.00
52,Agent 052,general,2025-01-14,1,566.00,539.00,27.00
52,Agent 052,general,2025-01-16,3,523.00,461.00,62.00
52,Agent 052,general,2025-01-17,2,501.00,378.00,123.00
52,Agent 052,general,2025-01-18,1,564.00,506.00,58.00
52,Agent 052,general,2025-01-23,2,342.50,320.50,22.00
52,Agent 052,general,2025-01-24,3,629.67,579.00,50.67
52,Agent 052,general,2025-01-25,1,411.00,380.00,31.00
52,Agent 052,general,2025-01-26,1,178.00,162.00,16.00
52,Agent 052,general,2025-01-28,4,433.25,382.25,51.00
52,Agent 052,general,2025-01-29,3,674.00,615.33,58.67
52,Agent 052,general,2025-01-30,1,599.00,342.00,257.00
52,Agent 052,general,2025-01-31,2,942.50,871.00,71.50
53,Agent 053,general,2025-01-03,1,462.00,409.00,53.00
53,Agent 053,general,2025-01-04,1,593.00,582.00,11.00
53,Agent 053,general,2025-01-05,1,508.00,385.00,123.00
53,Agent 053,general,2025-01-06,1,434.00,351.00,83.00
53,Agent 053,general,2025-01-08,1,433.00,347.00,86.00
53,Agent 053,general,2025-01-09,1,1067.00,996.00,71.00
53,Agent 053,general,2025-01-10,3,294.00,239.67,54.33
53,Agent 053,general,2025-01-13,1,297.00,220.00,77.00
53,Agent 053,general,2025-01-14,3,372.00,303.67,68.33
53,Agent 053,general,2025-01-15,2,450.00,363.00,87.00
53,Agent 053,general,2025-01-16,2,319.50,263.00,56.50
53,Agent 053,general,2025-01-18,1,274.00,219.00,55.00
53,Agent 053,general,2025-01-19,2,762.00,665.50,96.50
53,Agent 053,general,2025-01-21,2,371.50,299.50,72.00
53,Agent 053,general,2025-01-22,2,560.00,468.50,91.50
53,Agent 053,general,2025-01-23,3,545.67,462.67,83.00
53,Agent 053,general,2025-01-24,2,252.50,214.00,38.50
53,Agent 053,general,2025-01-25,1,304.00,283.00,21.00
53,Agent 053,general,2025-01-26,1,460.00,377.00,83.00
53,Agent 053,general,2025-01-28,1,341.00,331.00,10.00
53,Agent 053,general,2025-01-29,1,252.00,189.00,63.00
53,Agent 053,general,2025-01-31,3,835.00,731.00,104.00
54,Agent 054,general,2025-01-02,2,421.50,269.50,152.00
54,Agent 054,general,2025-01-04,1,676.00,544.00,132.00
54,Agent 054,general,2025-01-06,4,492.75,432.25,60.50
54,Agent 054,general,2025-01-07,2,328.50,283.50,45.00
54,Agent 054,general,2025-01-08,1,253.00,197.00,56.00
54,Agent 054,general,2025-01-11,3,407.33,343.00,64.33
54,Agent 054,general,2025-01-13,4,456.00,388.50,67.50
54,Agent 054,general,2025-01-17,2,382.50,321.50,61.00
54,Agent 054,general,2025-01-18,2,1234.00,1193.00,41.00
54,Agent 054,general,2025-01-20,1,933.00,897.00,36.00
54,Agent 054,general,2025-01-21,3,642.00,590.33,51.67
54,Agent 054,general,2025-01-22,3,583.00,547.67,35.33
54,Agent 054,general,2025-01-23,1,481.00,460.00,21.00
54,Agent 054,general,2025-01-25,1,507.00,359.00,148.00
54,Agent 054,general,2025-01-26,2,367.00,341.50,25.50
54,Agent 054,general,2025-01-27,2,387.00,283.00,104.00
54,Agent 054,general,2025-01-28,3,909.67,817.33,92.33
54,Agent 054,general,2025-01-29,2,314.50,198.00,116.50
54,Agent 054,general,2025-01-30,1,527.00,391.00,136.00
55,Agent 055,general,2025-01-04,1,333.00,304.00,29.00
55,Agent 055,general,2025-01-05,3,313.00,249.67,63.33
55,Agent 055,general,2025-01-06,3,390.33,309.00,81.33
55,Agent 055,general,2025-01-09,1,601.00,439.00,162.00
55,Agent 055,general,2025-01-10,2,515.50,433.50,82.00
55,Agent 055,general,2025-01-11,2,740.00,687.00,53.00
55,Agent 055,general,2025-01-12,2,254.00,204.50,49.50
55,Agent 055,general,2025-01-13,3,338.33,278.33,60.00
55,Agent 055,general,2025-01-14,1,1184.00,1055.00,129.00
55,Agent 055,general,2025-01-15,1,543.00,179.00,364.00
55,Agent 055,general,2025-01-17,2,311.50,240.00,71.50
55,Agent 055,general,2025-01-18,2,557.50,435.00,122.50
55,Agent 055,general,2025-01-19,1,379.00,349.00,30.00
55,Agent 055,general,2025-01-21,1,662.00,634.00,28.00
55,Agent 055,general,2025-01-22,2,487.00,448.50,38.50
55,Agent 055,general,2025-01-25,2,447.50,428.00,19.50
55,Agent 055,general,2025-01-27,2,422.00,377.00,45.00
55,Agent 055,general,2025-01-28,2,273.00,145.50,127.50
55,Agent 055,general,2025-01-29,1,547.00,500.00,47.00
55,Agent 055,general,2025-01-30,2,742.00,620.00,122.00
55,Agent 055,general,2025-01-31,1,570.00,450.00,120.00
56,Agent 056,general,2025-01-01,1,293.00,185.00,108.00
56,Agent 056,general,2025-01-02,1,503.00,443.00,60.00
56,Agent 056,general,2025-01-04,2,424.50,327.50,97.00
56,Agent 056,general,2025-01-05,2,264.50,223.00,41.50
56,Agent 056,general,2025-01-06,1,303.00,264.00,39.00
56,Agent 056,general,2025-01-07,1,218.00,163.00,55.00
56,Agent 056,general,2025-01-08,3,267.67,144.33,123.33
56,Agent 056,general,2025-01-11,1,179.00,156.00,23.00
56,Agent 056,general,2025-01-14,2,549.50,453.50,96.00
56,Agent 056,general,2025-01-16,1,481.00,398.00,83.00
56,Agent 056,general,2025-01-17,1,442.00,403.00,39.00
56,Agent 056,general,2025-01-18,1,186.00,157.00,29.00
56,Agent 056,general,2025-01-19,1,436.00,349.00,87.00
56,Agent 056,general,2025-01-20,2,606.00,554.00,52.00
56,Agent 056,general,2025-01-22,2,491.50,446.50,45.00
56,Agent 056,general,2025-01-23,2,415.00,232.50,182.50
56,Agent 056,general,2025-01-24,1,435.00,252.00,183.00
56,Agent 056,general,2025-01-25,1,751.00,740.00,11.00
56,Agent 056,general,2025-01-26,1,259.00,187.00,72.00
56,Agent 056,general,2025-01-27,2,348.50,308.50,40.00
56,Agent 056,general,2025-01-28,2,364.50,301.50,63.00
56,Agent 056,general,2025-01-31,2,295.00,241.00,54.00
57,Agent 057,general,2025-01-02,2,673.00,648.00,25.00
57,Agent 057,general,2025-01-03,2,288.00,199.50,88.50
57,Agent 057,general,2025-01-04,3,391.33,285.00,106.33
57,Agent 057,general,2025-01-06,2,533.00,342.50,190.50
57,Agent 057,general,2025-01-07,1,902.00,783.00,119.00
57,Agent 057,general,2025-01-08,1,129.00,73.00,56.00
57,Agent 057,general,2025-01-09,1,1277.00,1250.00,27.00
57,Agent 057,general,2025-01-10,2,736.00,707.00,29.00
57,Agent 057,general,2025-01-11,2,290.00,206.50,83.50
57,Agent 057,general,2025-01-15,1,468.00,398.00,70.00
57,Agent 057,general,2025-01-17,2,497.50,449.50,48.00
57,Agent 057,general,2025-01-18,2,529.00,485.50,43.50
57,Agent 057,general,2025-01-19,2,425.00,338.50,86.50
57,Agent 057,general,2025-01-21,1,324.00,184.00,140.00
57,Agent 057,general,2025-01-22,3,343.00,312.67,30.33
57,Agent 057,general,2025-01-24,2,360.00,301.00,59.00
57,Agent 057,general,2025-01-25,1,255.00,192.00,63.00
57,Agent 057,general,2025-01-26,1,372.00,319.00,53.00
57,Agent 057,general,2025-01-27,1,215.00,185.00,30.00
57,Agent 057,general,2025-01-28,1,369.00,243.00,126.00
57,Agent 057,general,2025-01-29,1,528.00,512.00,16.00
57,Agent 057,general,2025-01-30,2,691.00,505.50,185.50
57,Agent 057,general,2025-01-31,1,242.00,164.00,78.00
58,Agent 058,general,2025-01-03,1,595.00,531.00,64.00
58,Agent 058,general,2025-01-04,2,598.00,565.50,32.50
58,Agent 058,general,2025-01-06,2,501.00,452.50,48.50
58,Agent 058,general,2025-01-08,3,470.67,309.00,161.67
58,Agent 058,general,2025-01-11,2,474.50,376.50,98.00
58,Agent 058,general,2025-01-14,4,750.75,662.75,88.00
58,Agent 058,general,2025-01-15,2,496.50,423.50,73.00
58,Agent 058,general,2025-01-17,2,607.00,510.00,97.00
58,Agent 058,general,2025-01-18,2,442.00,330.50,111.50
58,Agent 058,general,2025-01-20,1,545.00,509.00,36.00
58,Agent 058,general,2025-01-21,1,281.00,247.00,34.00
58,Agent 058,general,2025-01-22,3,273.67,226.67,47.00
58,Agent 058,general,2025-01-24,3,603.67,484.33,119.33
58,Agent 058,general,2025-01-25,1,540.00,442.00,98.00
58,Agent 058,general,2025-01-26,2,456.50,349.50,107.00
58,Agent 058,general,2025-01-27,2,361.50,285.00,76.50
58,Agent 058,general,2025-01-28,4,477.50,427.00,50.50
58,Agent 058,general,2025-01-29,1,339.00,306.00,33.00
58,Agent 058,general,2025-01-30,1,660.00,609.00,51.00
58,Agent 058,general,2025-01-31,1,904.00,828.00,76.00
59,Agent 059,general,2025-01-02,2,331.50,257.00,74.50
59,Agent 059,general,2025-01-03,1,346.00,263.00,83.00
59,Agent 059,general,2025-01-04,1,1129.00,1029.00,100.00
59,Agent 059,general,2025-01-06,1,962.00,821.00,141.00
59,Agent 059,general,2025-01-07,1,258.00,116.00,142.00
59,Agent 059,general,2025-01-08,2,511.00,453.50,57.50
59,Agent 059,general,2025-01-09,1,684.00,550.00,134.00
59,Agent 059,general,2025-01-10,1,622.00,557.00,65.00
59,Agent 059,general,2025-01-12,2,421.00,343.50,77.50
59,Agent 059,general,2025-01-13,4,488.50,400.75,87.75
59,Agent 059,general,2025-01-14,2,496.50,458.50,38.00
59,Agent 059,general,2025-01-15,1,477.00,434.00,43.00
59,Agent 059,general,2025-01-16,2,376.00,316.00,60.00
59,Agent 059,general,2025-01-17,2,570.50,401.50,169.00
59,Agent 059,general,2025-01-18,2,268.00,228.00,40.00
59,Agent 059,general,2025-01-21,3,370.33,344.00,26.33
59,Agent 059,general,2025-01-22,3,451.00,342.67,108.33
59,Agent 059,general,2025-01-24,5,367.60,260.80,106.80
59,Agent 059,general,2025-01-26,2,352.50,301.50,51.00
59,Agent 059,general,2025-01-28,3,519.33,487.00,32.33
59,Agent 059,general,2025-01-29,1,764.00,724.00,40.00
59,Agent 059,general,2025-01-30,3,443.00,352.33,90.67
60,Agent 060,general,2025-01-03,1,272.00,199.00,73.00
60,Agent 060,general,2025-01-04,2,392.50,358.50,34.00
60,Agent 060,general,2025-01-08,2,899.50,790.50,109.00
60,Agent 060,general,2025-01-09,2,661.50,604.50,57.00
60,Agent 060,general,2025-01-10,2,500.00,430.50,69.50
60,Agent 060,general,2025-01-11,1,935.00,846.00,89.00
60,Agent 060,general,2025-01-13,2,477.00,408.50,68.50
60,Agent 060,general,2025-01-14,1,311.00,203.00,108.00
60,Agent 060,general,2025-01-15,3,679.33,640.00,39.33
60,Agent 060,general,2025-01-16,4,308.50,268.50,40.00
60,Agent 060,general,2025-01-20,1,402.00,324.00,78.00
60,Agent 060,general,2025-01-21,1,761.00,723.00,38.00
60,Agent 060,general,2025-01-22,1,502.00,492.00,10.00
60,Agent 060,general,2025-01-24,1,219.00,209.00,10.00
60,Agent 060,general,2025-01-26,2,373.50,274.50,99.00
60,Agent 060,general,2025-01-27,2,655.00,610.50,44.50
60,Agent 060,general,2025-01-28,3,1239.33,1142.33,97.00
60,Agent 060,general,2025-01-30,2,530.00,424.50,105.50
