interval_start_datetime,actual_call_volume,predicted_call_volume,absolute_error,squared_error,absolute_percentage_error
2026-01-01T00:00:00,,294.5043,,,
2026-01-01T00:30:00,,225.8174,,,
2026-01-01T01:00:00,,197.2114,,,
2026-01-01T01:30:00,,167.1441,,,
2026-01-01T02:00:00,,135.3716,,,
2026-01-01T02:30:00,,137.0532,,,
2026-01-01T03:00:00,,120.2663,,,
2026-01-01T03:30:00,,86.6239,,,
2026-01-01T04:00:00,,84.7446,,,
2026-01-01T04:30:00,,78.3332,,,
2026-01-01T05:00:00,,81.7596,,,
2026-01-01T05:30:00,,78.2997,,,
2026-01-01T06:00:00,,85.9189,,,
2026-01-01T06:30:00,,82.5648,,,
2026-01-01T07:00:00,,115.2417,,,
2026-01-01T07:30:00,,148.2788,,,
2026-01-01T08:00:00,,170.8284,,,
2026-01-01T08:30:00,,199.0996,,,
2026-01-01T09:00:00,,251.3410,,,
2026-01-01T09:30:00,,197.0010,,,
2026-01-01T10:00:00,,264.8896,,,
2026-01-01T10:30:00,,269.3053,,,
2026-01-01T11:00:00,,268.4778,,,
2026-01-01T11:30:00,,218.5774,,,
2026-01-01T12:00:00,,255.5537,,,
2026-01-01T12:30:00,,250.1475,,,
2026-01-01T13:00:00,,222.1121,,,
2026-01-01T13:30:00,,240.4364,,,
2026-01-01T14:00:00,,230.1747,,,
2026-01-01T14:30:00,,222.1121,,,
2026-01-01T15:00:00,,225.8222,,,
2026-01-01T15:30:00,,239.8251,,,
2026-01-01T16:00:00,,208.8076,,,
2026-01-01T16:30:00,,197.9030,,,
2026-01-01T17:00:00,,201.5159,,,
2026-01-01T17:30:00,,196.9165,,,
2026-01-01T18:00:00,,218.4826,,,
2026-01-01T18:30:00,,206.1365,,,
2026-01-01T19:00:00,,197.1851,,,
2026-01-01T19:30:00,,182.0405,,,
2026-01-01T20:00:00,,224.4633,,,
2026-01-01T20:30:00,,224.6911,,,
2026-01-01T21:00:00,,231.3884,,,
2026-01-01T21:30:00,,235.5109,,,
2026-01-01T22:00:00,,235.5109,,,
2026-01-01T22:30:00,,230.7725,,,
2026-01-01T23:00:00,,220.1910,,,
2026-01-01T23:30:00,,202.5534,,,
2026-01-02T00:00:00,,183.4256,,,
2026-01-02T00:30:00,,174.1036,,,
2026-01-02T01:00:00,,147.1940,,,
2026-01-02T01:30:00,,109.2582,,,
2026-01-02T02:00:00,,100.8658,,,
2026-01-02T02:30:00,,94.1015,,,
2026-01-02T03:00:00,,93.9793,,,
2026-01-02T03:30:00,,78.2923,,,
2026-01-02T04:00:00,,78.2923,,,
2026-01-02T04:30:00,,76.8853,,,
2026-01-02T05:00:00,,89.3460,,,
2026-01-02T05:30:00,,82.7930,,,
2026-01-02T06:00:00,,93.5652,,,
2026-01-02T06:30:00,,143.6036,,,
2026-01-02T07:00:00,,162.3950,,,
2026-01-02T07:30:00,,213.5427,,,
2026-01-02T08:00:00,,262.7812,,,
2026-01-02T08:30:00,,299.3483,,,
2026-01-02T09:00:00,,309.8143,,,
2026-01-02T09:30:00,,316.6292,,,
2026-01-02T10:00:00,,344.4528,,,
2026-01-02T10:30:00,,340.5786,,,
2026-01-02T11:00:00,,332.4529,,,
2026-01-02T11:30:00,,339.8109,,,
2026-01-02T12:00:00,,341.6106,,,
2026-01-02T12:30:00,,321.6522,,,
2026-01-02T13:00:00,,290.0765,,,
2026-01-02T13:30:00,,323.4424,,,
2026-01-02T14:00:00,,328.0432,,,
2026-01-02T14:30:00,,321.6478,,,
2026-01-02T15:00:00,,330.2243,,,
2026-01-02T15:30:00,,322.9091,,,
2026-01-02T16:00:00,,287.6996,,,
2026-01-02T16:30:00,,279.1853,,,
2026-01-02T17:00:00,,256.3463,,,
2026-01-02T17:30:00,,250.1634,,,
2026-01-02T18:00:00,,222.1841,,,
2026-01-02T18:30:00,,252.1786,,,
2026-01-02T19:00:00,,254.1738,,,
2026-01-02T19:30:00,,222.7340,,,
2026-01-02T20:00:00,,245.5486,,,
2026-01-02T20:30:00,,216.4675,,,
2026-01-02T21:00:00,,232.3864,,,
2026-01-02T21:30:00,,247.9619,,,
2026-01-02T22:00:00,,232.7153,,,
2026-01-02T22:30:00,,233.4016,,,
2026-01-02T23:00:00,,248.7310,,,
2026-01-02T23:30:00,,235.9573,,,
2026-01-03T00:00:00,,233.7450,,,
2026-01-03T00:30:00,,155.0023,,,
2026-01-03T01:00:00,,145.2306,,,
2026-01-03T01:30:00,,112.2704,,,
2026-01-03T02:00:00,,93.4931,,,
2026-01-03T02:30:00,,88.1857,,,
2026-01-03T03:00:00,,85.6500,,,
2026-01-03T03:30:00,,73.7189,,,
2026-01-03T04:00:00,,76.2591,,,
2026-01-03T04:30:00,,74.6592,,,
2026-01-03T05:00:00,,66.7865,,,
2026-01-03T05:30:00,,78.9008,,,
2026-01-03T06:00:00,,101.8189,,,
2026-01-03T06:30:00,,105.2796,,,
2026-01-03T07:00:00,,118.5864,,,
2026-01-03T07:30:00,,139.0975,,,
2026-01-03T08:00:00,,151.3388,,,
2026-01-03T08:30:00,,202.1029,,,
2026-01-03T09:00:00,,228.7685,,,
2026-01-03T09:30:00,,232.8224,,,
2026-01-03T10:00:00,,247.3081,,,
2026-01-03T10:30:00,,239.5863,,,
2026-01-03T11:00:00,,233.0709,,,
2026-01-03T11:30:00,,237.4964,,,
2026-01-03T12:00:00,,235.0926,,,
2026-01-03T12:30:00,,244.6927,,,
2026-01-03T13:00:00,,244.2951,,,
2026-01-03T13:30:00,,228.3162,,,
2026-01-03T14:00:00,,236.9112,,,
2026-01-03T14:30:00,,244.0680,,,
2026-01-03T15:00:00,,212.2514,,,
2026-01-03T15:30:00,,241.9402,,,
2026-01-03T16:00:00,,241.2465,,,
2026-01-03T16:30:00,,240.2320,,,
2026-01-03T17:00:00,,218.9239,,,
2026-01-03T17:30:00,,238.8918,,,
2026-01-03T18:00:00,,212.0339,,,
2026-01-03T18:30:00,,211.1087,,,
2026-01-03T19:00:00,,235.0413,,,
2026-01-03T19:30:00,,239.8067,,,
2026-01-03T20:00:00,,242.5978,,,
2026-01-03T20:30:00,,237.0822,,,
2026-01-03T21:00:00,,241.9078,,,
2026-01-03T21:30:00,,245.6648,,,
2026-01-03T22:00:00,,245.3915,,,
2026-01-03T22:30:00,,245.3915,,,
2026-01-03T23:00:00,,242.3141,,,
2026-01-03T23:30:00,,262.5741,,,
2026-01-04T00:00:00,,227.2617,,,
2026-01-04T00:30:00,,152.0504,,,
2026-01-04T01:00:00,,179.7916,,,
2026-01-04T01:30:00,,137.7141,,,
2026-01-04T02:00:00,,127.7617,,,
2026-01-04T02:30:00,,94.9043,,,
2026-01-04T03:00:00,,97.7949,,,
2026-01-04T03:30:00,,77.8045,,,
2026-01-04T04:00:00,,79.2242,,,
2026-01-04T04:30:00,,79.4745,,,
2026-01-04T05:00:00,,69.2509,,,
2026-01-04T05:30:00,,66.2539,,,
2026-01-04T06:00:00,,85.4622,,,
2026-01-04T06:30:00,,106.7793,,,
2026-01-04T07:00:00,,151.4948,,,
2026-01-04T07:30:00,,195.2566,,,
2026-01-04T08:00:00,,201.4736,,,
2026-01-04T08:30:00,,233.6945,,,
2026-01-04T09:00:00,,242.6440,,,
2026-01-04T09:30:00,,262.1299,,,
2026-01-04T10:00:00,,243.3837,,,
2026-01-04T10:30:00,,262.1299,,,
2026-01-04T11:00:00,,251.1439,,,
2026-01-04T11:30:00,,240.6446,,,
2026-01-04T12:00:00,,253.6272,,,
2026-01-04T12:30:00,,281.7055,,,
2026-01-04T13:00:00,,251.4423,,,
2026-01-04T13:30:00,,257.3978,,,
2026-01-04T14:00:00,,257.3978,,,
2026-01-04T14:30:00,,240.5211,,,
2026-01-04T15:00:00,,275.8071,,,
2026-01-04T15:30:00,,249.1652,,,
2026-01-04T16:00:00,,254.7267,,,
2026-01-04T16:30:00,,242.8840,,,
2026-01-04T17:00:00,,247.4611,,,
2026-01-04T17:30:00,,237.1266,,,
2026-01-04T18:00:00,,254.1554,,,
2026-01-04T18:30:00,,232.0915,,,
2026-01-04T19:00:00,,230.4223,,,
2026-01-04T19:30:00,,208.7865,,,
2026-01-04T20:00:00,,213.6303,,,
2026-01-04T20:30:00,,230.5990,,,
2026-01-04T21:00:00,,242.7128,,,
2026-01-04T21:30:00,,210.8876,,,
2026-01-04T22:00:00,,249.6336,,,
2026-01-04T22:30:00,,241.6319,,,
2026-01-04T23:00:00,,201.7422,,,
2026-01-04T23:30:00,,184.3941,,,
2026-01-05T00:00:00,,156.3137,,,
2026-01-05T00:30:00,,123.0796,,,
2026-01-05T01:00:00,,109.3119,,,
2026-01-05T01:30:00,,84.5284,,,
2026-01-05T02:00:00,,78.4767,,,
2026-01-05T02:30:00,,61.3507,,,
2026-01-05T03:00:00,,49.9806,,,
2026-01-05T03:30:00,,59.7065,,,
2026-01-05T04:00:00,,72.5032,,,
2026-01-05T04:30:00,,81.5091,,,
2026-01-05T05:00:00,,87.7482,,,
2026-01-05T05:30:00,,88.4295,,,
2026-01-05T06:00:00,,115.7480,,,
2026-01-05T06:30:00,,131.3842,,,
2026-01-05T07:00:00,,198.3044,,,
2026-01-05T07:30:00,,235.9192,,,
2026-01-05T08:00:00,,295.3064,,,
2026-01-05T08:30:00,,327.2556,,,
2026-01-05T09:00:00,,362.6265,,,
2026-01-05T09:30:00,,386.0289,,,
2026-01-05T10:00:00,,384.7942,,,
2026-01-05T10:30:00,,386.0289,,,
2026-01-05T11:00:00,,386.1923,,,
2026-01-05T11:30:00,,385.4315,,,
2026-01-05T12:00:00,,365.2611,,,
2026-01-05T12:30:00,,347.6841,,,
2026-01-05T13:00:00,,361.8993,,,
2026-01-05T13:30:00,,367.4668,,,
2026-01-05T14:00:00,,361.8993,,,
2026-01-05T14:30:00,,347.1990,,,
2026-01-05T15:00:00,,360.7567,,,
2026-01-05T15:30:00,,347.6250,,,
2026-01-05T16:00:00,,342.2463,,,
2026-01-05T16:30:00,,317.9915,,,
2026-01-05T17:00:00,,291.7616,,,
2026-01-05T17:30:00,,293.8465,,,
2026-01-05T18:00:00,,276.6649,,,
2026-01-05T18:30:00,,239.8766,,,
2026-01-05T19:00:00,,277.1435,,,
2026-01-05T19:30:00,,275.3505,,,
2026-01-05T20:00:00,,259.7038,,,
2026-01-05T20:30:00,,257.5862,,,
2026-01-05T21:00:00,,258.7338,,,
2026-01-05T21:30:00,,259.2861,,,
2026-01-05T22:00:00,,262.7785,,,
2026-01-05T22:30:00,,261.6025,,,
2026-01-05T23:00:00,,220.0385,,,
2026-01-05T23:30:00,,178.8327,,,
2026-01-06T00:00:00,,170.2418,,,
2026-01-06T00:30:00,,127.2428,,,
2026-01-06T01:00:00,,102.5221,,,
2026-01-06T01:30:00,,95.8449,,,
2026-01-06T02:00:00,,73.6843,,,
2026-01-06T02:30:00,,59.0375,,,
2026-01-06T03:00:00,,63.6364,,,
2026-01-06T03:30:00,,49.5960,,,
2026-01-06T04:00:00,,49.5960,,,
2026-01-06T04:30:00,,67.1619,,,
2026-01-06T05:00:00,,87.6608,,,
2026-01-06T05:30:00,,97.4331,,,
2026-01-06T06:00:00,,127.0715,,,
2026-01-06T06:30:00,,177.8061,,,
2026-01-06T07:00:00,,210.1660,,,
2026-01-06T07:30:00,,266.8027,,,
2026-01-06T08:00:00,,318.3345,,,
2026-01-06T08:30:00,,354.4943,,,
2026-01-06T09:00:00,,380.9253,,,
2026-01-06T09:30:00,,381.7617,,,
2026-01-06T10:00:00,,384.4125,,,
2026-01-06T10:30:00,,376.9915,,,
2026-01-06T11:00:00,,381.9251,,,
2026-01-06T11:30:00,,381.1643,,,
2026-01-06T12:00:00,,372.0712,,,
2026-01-06T12:30:00,,360.1303,,,
2026-01-06T13:00:00,,365.2185,,,
2026-01-06T13:30:00,,354.4501,,,
2026-01-06T14:00:00,,363.9838,,,
2026-01-06T14:30:00,,347.7443,,,
2026-01-06T15:00:00,,353.4213,,,
2026-01-06T15:30:00,,350.7136,,,
2026-01-06T16:00:00,,329.8633,,,
2026-01-06T16:30:00,,311.0558,,,
2026-01-06T17:00:00,,295.9730,,,
2026-01-06T17:30:00,,310.9767,,,
2026-01-06T18:00:00,,269.8583,,,
2026-01-06T18:30:00,,263.2439,,,
2026-01-06T19:00:00,,259.0582,,,
2026-01-06T19:30:00,,261.7579,,,
2026-01-06T20:00:00,,256.4953,,,
2026-01-06T20:30:00,,266.2753,,,
2026-01-06T21:00:00,,266.3984,,,
2026-01-06T21:30:00,,251.5216,,,
2026-01-06T22:00:00,,243.9125,,,
2026-01-06T22:30:00,,249.4559,,,
2026-01-06T23:00:00,,235.6004,,,
2026-01-06T23:30:00,,209.2937,,,
2026-01-07T00:00:00,,197.1243,,,
2026-01-07T00:30:00,,157.0191,,,
2026-01-07T01:00:00,,102.4859,,,
2026-01-07T01:30:00,,84.7354,,,
2026-01-07T02:00:00,,65.9186,,,
2026-01-07T02:30:00,,65.4681,,,
2026-01-07T03:00:00,,67.6819,,,
2026-01-07T03:30:00,,54.5569,,,
2026-01-07T04:00:00,,59.4212,,,
2026-01-07T04:30:00,,74.1621,,,
2026-01-07T05:00:00,,88.0155,,,
2026-01-07T05:30:00,,81.8965,,,
2026-01-07T06:00:00,,111.9908,,,
2026-01-07T06:30:00,,139.5152,,,
2026-01-07T07:00:00,,196.6847,,,
2026-01-07T07:30:00,,258.6927,,,
2026-01-07T08:00:00,,307.3431,,,
2026-01-07T08:30:00,,339.6552,,,
2026-01-07T09:00:00,,373.2823,,,
2026-01-07T09:30:00,,383.9267,,,
2026-01-07T10:00:00,,372.4739,,,
2026-01-07T10:30:00,,364.9456,,,
2026-01-07T11:00:00,,364.3482,,,
2026-01-07T11:30:00,,364.3482,,,
2026-01-07T12:00:00,,330.5483,,,
2026-01-07T12:30:00,,345.7245,,,
2026-01-07T13:00:00,,337.6034,,,
2026-01-07T13:30:00,,327.7343,,,
2026-01-07T14:00:00,,350.6158,,,
2026-01-07T14:30:00,,356.0277,,,
2026-01-07T15:00:00,,352.8062,,,
2026-01-07T15:30:00,,337.1124,,,
2026-01-07T16:00:00,,297.8092,,,
2026-01-07T16:30:00,,289.1798,,,
2026-01-07T17:00:00,,267.8084,,,
2026-01-07T17:30:00,,281.5777,,,
2026-01-07T18:00:00,,234.9811,,,
2026-01-07T18:30:00,,223.1860,,,
2026-01-07T19:00:00,,231.5612,,,
2026-01-07T19:30:00,,246.7545,,,
2026-01-07T20:00:00,,223.7852,,,
2026-01-07T20:30:00,,223.7852,,,
2026-01-07T21:00:00,,224.1833,,,
2026-01-07T21:30:00,,239.2096,,,
2026-01-07T22:00:00,,245.4568,,,
2026-01-07T22:30:00,,245.2602,,,
2026-01-07T23:00:00,,205.8589,,,
2026-01-07T23:30:00,,175.5668,,,
2026-01-08T00:00:00,,248.5599,,,
2026-01-08T00:30:00,,189.2853,,,
2026-01-08T01:00:00,,163.9862,,,
2026-01-08T01:30:00,,136.8561,,,
2026-01-08T02:00:00,,96.6981,,,
2026-01-08T02:30:00,,93.2752,,,
2026-01-08T03:00:00,,87.9938,,,
2026-01-08T03:30:00,,62.0786,,,
2026-01-08T04:00:00,,60.6222,,,
2026-01-08T04:30:00,,67.1489,,,
2026-01-08T05:00:00,,83.4815,,,
2026-01-08T05:30:00,,87.9618,,,
2026-01-08T06:00:00,,105.4980,,,
2026-01-08T06:30:00,,120.9980,,,
2026-01-08T07:00:00,,163.3625,,,
2026-01-08T07:30:00,,211.6550,,,
2026-01-08T08:00:00,,260.1439,,,
2026-01-08T08:30:00,,299.6675,,,
2026-01-08T09:00:00,,352.9197,,,
2026-01-08T09:30:00,,321.7891,,,
2026-01-08T10:00:00,,358.4529,,,
2026-01-08T10:30:00,,360.2430,,,
2026-01-08T11:00:00,,359.6456,,,
2026-01-08T11:30:00,,328.5177,,,
2026-01-08T12:00:00,,349.9197,,,
2026-01-08T12:30:00,,345.7457,,,
2026-01-08T13:00:00,,314.3381,,,
2026-01-08T13:30:00,,329.9127,,,
2026-01-08T14:00:00,,321.2416,,,
2026-01-08T14:30:00,,314.3381,,,
2026-01-08T15:00:00,,318.0045,,,
2026-01-08T15:30:00,,324.9762,,,
2026-01-08T16:00:00,,290.3273,,,
2026-01-08T16:30:00,,275.8456,,,
2026-01-08T17:00:00,,260.9937,,,
2026-01-08T17:30:00,,259.0994,,,
2026-01-08T18:00:00,,261.6263,,,
2026-01-08T18:30:00,,241.0300,,,
2026-01-08T19:00:00,,239.8654,,,
2026-01-08T19:30:00,,230.9396,,,
2026-01-08T20:00:00,,247.5588,,,
2026-01-08T20:30:00,,247.5588,,,
2026-01-08T21:00:00,,246.7880,,,
2026-01-08T21:30:00,,248.8334,,,
2026-01-08T22:00:00,,248.8334,,,
2026-01-08T22:30:00,,245.2295,,,
2026-01-08T23:00:00,,233.8580,,,
2026-01-08T23:30:00,,191.2432,,,
2026-01-09T00:00:00,,202.0058,,,
2026-01-09T00:30:00,,176.7040,,,
2026-01-09T01:00:00,,154.7750,,,
2026-01-09T01:30:00,,114.6953,,,
2026-01-09T02:00:00,,108.0486,,,
2026-01-09T02:30:00,,98.4150,,,
2026-01-09T03:00:00,,96.3131,,,
2026-01-09T03:30:00,,83.9793,,,
2026-01-09T04:00:00,,83.9793,,,
2026-01-09T04:30:00,,81.5001,,,
2026-01-09T05:00:00,,89.1810,,,
2026-01-09T05:30:00,,87.7152,,,
2026-01-09T06:00:00,,108.3157,,,
2026-01-09T06:30:00,,157.8345,,,
2026-01-09T07:00:00,,196.0624,,,
2026-01-09T07:30:00,,248.1939,,,
2026-01-09T08:00:00,,296.7372,,,
2026-01-09T08:30:00,,333.8632,,,
2026-01-09T09:00:00,,354.2560,,,
2026-01-09T09:30:00,,359.7848,,,
2026-01-09T10:00:00,,361.8473,,,
2026-01-09T10:30:00,,361.8473,,,
2026-01-09T11:00:00,,360.6582,,,
2026-01-09T11:30:00,,361.2498,,,
2026-01-09T12:00:00,,356.1645,,,
2026-01-09T12:30:00,,347.2493,,,
2026-01-09T13:00:00,,342.4792,,,
2026-01-09T13:30:00,,347.2493,,,
2026-01-09T14:00:00,,348.0101,,,
2026-01-09T14:30:00,,335.4068,,,
2026-01-09T15:00:00,,332.3823,,,
2026-01-09T15:30:00,,324.7567,,,
2026-01-09T16:00:00,,310.5018,,,
2026-01-09T16:30:00,,292.6970,,,
2026-01-09T17:00:00,,273.9862,,,
2026-01-09T17:30:00,,273.2948,,,
2026-01-09T18:00:00,,254.5715,,,
2026-01-09T18:30:00,,261.7352,,,
2026-01-09T19:00:00,,261.5265,,,
2026-01-09T19:30:00,,246.9381,,,
2026-01-09T20:00:00,,256.3132,,,
2026-01-09T20:30:00,,244.4277,,,
2026-01-09T21:00:00,,250.2666,,,
2026-01-09T21:30:00,,256.3132,,,
2026-01-09T22:00:00,,250.5956,,,
2026-01-09T22:30:00,,252.1597,,,
2026-01-09T23:00:00,,252.4344,,,
2026-01-09T23:30:00,,240.0562,,,
2026-01-10T00:00:00,,255.2886,,,
2026-01-10T00:30:00,,178.8546,,,
2026-01-10T01:00:00,,166.3399,,,
2026-01-10T01:30:00,,127.8022,,,
2026-01-10T02:00:00,,110.2050,,,
2026-01-10T02:30:00,,100.8622,,,
2026-01-10T03:00:00,,97.5119,,,
2026-01-10T03:30:00,,85.7485,,,
2026-01-10T04:00:00,,84.8624,,,
2026-01-10T04:30:00,,84.6671,,,
2026-01-10T05:00:00,,78.4421,,,
2026-01-10T05:30:00,,87.1153,,,
2026-01-10T06:00:00,,107.6100,,,
2026-01-10T06:30:00,,119.3232,,,
2026-01-10T07:00:00,,135.8863,,,
2026-01-10T07:30:00,,158.1543,,,
2026-01-10T08:00:00,,178.0449,,,
2026-01-10T08:30:00,,228.1549,,,
2026-01-10T09:00:00,,245.5598,,,
2026-01-10T09:30:00,,251.2927,,,
2026-01-10T10:00:00,,256.4917,,,
2026-01-10T10:30:00,,250.6410,,,
2026-01-10T11:00:00,,250.9533,,,
2026-01-10T11:30:00,,250.8895,,,
2026-01-10T12:00:00,,248.4857,,,
2026-01-10T12:30:00,,253.4787,,,
2026-01-10T13:00:00,,253.4787,,,
2026-01-10T13:30:00,,248.4939,,,
2026-01-10T14:00:00,,247.8421,,,
2026-01-10T14:30:00,,253.4787,,,
2026-01-10T15:00:00,,240.9775,,,
2026-01-10T15:30:00,,248.1734,,,
2026-01-10T16:00:00,,250.2352,,,
2026-01-10T16:30:00,,251.5644,,,
2026-01-10T17:00:00,,244.7510,,,
2026-01-10T17:30:00,,249.9086,,,
2026-01-10T18:00:00,,239.2112,,,
2026-01-10T18:30:00,,237.5865,,,
2026-01-10T19:00:00,,248.4611,,,
2026-01-10T19:30:00,,247.6842,,,
2026-01-10T20:00:00,,250.7597,,,
2026-01-10T20:30:00,,247.4164,,,
2026-01-10T21:00:00,,252.9844,,,
2026-01-10T21:30:00,,257.8050,,,
2026-01-10T22:00:00,,261.2888,,,
2026-01-10T22:30:00,,261.2888,,,
2026-01-10T23:00:00,,260.0638,,,
2026-01-10T23:30:00,,268.4073,,,
2026-01-11T00:00:00,,229.2251,,,
2026-01-11T00:30:00,,167.5256,,,
2026-01-11T01:00:00,,193.0250,,,
2026-01-11T01:30:00,,133.1109,,,
2026-01-11T02:00:00,,128.8891,,,
2026-01-11T02:30:00,,96.7928,,,
2026-01-11T03:00:00,,96.5629,,,
2026-01-11T03:30:00,,80.3283,,,
2026-01-11T04:00:00,,81.9214,,,
2026-01-11T04:30:00,,81.7260,,,
2026-01-11T05:00:00,,73.0219,,,
2026-01-11T05:30:00,,73.2744,,,
2026-01-11T06:00:00,,91.4152,,,
2026-01-11T06:30:00,,113.6965,,,
2026-01-11T07:00:00,,155.6274,,,
2026-01-11T07:30:00,,199.3760,,,
2026-01-11T08:00:00,,206.3945,,,
2026-01-11T08:30:00,,216.8658,,,
2026-01-11T09:00:00,,230.1906,,,
2026-01-11T09:30:00,,243.3531,,,
2026-01-11T10:00:00,,236.1350,,,
2026-01-11T10:30:00,,243.3531,,,
2026-01-11T11:00:00,,238.3225,,,
2026-01-11T11:30:00,,230.7470,,,
2026-01-11T12:00:00,,235.9187,,,
2026-01-11T12:30:00,,255.8592,,,
2026-01-11T13:00:00,,235.2751,,,
2026-01-11T13:30:00,,233.7338,,,
2026-01-11T14:00:00,,233.7338,,,
2026-01-11T14:30:00,,227.6996,,,
2026-01-11T15:00:00,,250.0529,,,
2026-01-11T15:30:00,,238.1280,,,
2026-01-11T16:00:00,,242.4574,,,
2026-01-11T16:30:00,,233.5630,,,
2026-01-11T17:00:00,,233.8237,,,
2026-01-11T17:30:00,,228.3115,,,
2026-01-11T18:00:00,,237.3441,,,
2026-01-11T18:30:00,,225.7033,,,
2026-01-11T19:00:00,,225.7011,,,
2026-01-11T19:30:00,,215.3927,,,
2026-01-11T20:00:00,,218.8732,,,
2026-01-11T20:30:00,,224.6564,,,
2026-01-11T21:00:00,,235.1895,,,
2026-01-11T21:30:00,,217.9677,,,
2026-01-11T22:00:00,,243.9169,,,
2026-01-11T22:30:00,,234.1324,,,
2026-01-11T23:00:00,,214.0417,,,
2026-01-11T23:30:00,,199.7595,,,
2026-01-12T00:00:00,,151.9365,,,
2026-01-12T00:30:00,,115.9171,,,
2026-01-12T01:00:00,,98.0439,,,
2026-01-12T01:30:00,,77.7369,,,
2026-01-12T02:00:00,,71.6852,,,
2026-01-12T02:30:00,,57.1178,,,
2026-01-12T03:00:00,,50.2371,,,
2026-01-12T03:30:00,,53.8586,,,
2026-01-12T04:00:00,,63.7600,,,
2026-01-12T04:30:00,,66.2391,,,
2026-01-12T05:00:00,,68.3205,,,
2026-01-12T05:30:00,,75.1072,,,
2026-01-12T06:00:00,,104.6262,,,
2026-01-12T06:30:00,,126.4656,,,
2026-01-12T07:00:00,,188.5838,,,
2026-01-12T07:30:00,,233.7086,,,
2026-01-12T08:00:00,,284.7218,,,
2026-01-12T08:30:00,,310.2552,,,
2026-01-12T09:00:00,,333.7805,,,
2026-01-12T09:30:00,,341.6573,,,
2026-01-12T10:00:00,,341.6573,,,
2026-01-12T10:30:00,,341.6573,,,
2026-01-12T11:00:00,,341.0599,,,
2026-01-12T11:30:00,,341.0599,,,
2026-01-12T12:00:00,,331.9668,,,
2026-01-12T12:30:00,,322.6020,,,
2026-01-12T13:00:00,,322.6020,,,
2026-01-12T13:30:00,,322.6020,,,
2026-01-12T14:00:00,,322.6020,,,
2026-01-12T14:30:00,,310.0494,,,
2026-01-12T15:00:00,,306.9352,,,
2026-01-12T15:30:00,,295.5284,,,
2026-01-12T16:00:00,,279.5050,,,
2026-01-12T16:30:00,,267.1479,,,
2026-01-12T17:00:00,,245.5803,,,
2026-01-12T17:30:00,,247.9337,,,
2026-01-12T18:00:00,,234.1336,,,
2026-01-12T18:30:00,,212.9664,,,
2026-01-12T19:00:00,,226.3481,,,
2026-01-12T19:30:00,,225.5712,,,
2026-01-12T20:00:00,,220.0164,,,
2026-01-12T20:30:00,,218.7203,,,
2026-01-12T21:00:00,,220.0164,,,
2026-01-12T21:30:00,,220.5979,,,
2026-01-12T22:00:00,,222.3176,,,
2026-01-12T22:30:00,,220.2519,,,
2026-01-12T23:00:00,,196.4807,,,
2026-01-12T23:30:00,,161.6219,,,
2026-01-13T00:00:00,,159.3389,,,
2026-01-13T00:30:00,,119.0502,,,
2026-01-13T01:00:00,,95.8167,,,
2026-01-13T01:30:00,,83.9644,,,
2026-01-13T02:00:00,,68.7445,,,
2026-01-13T02:30:00,,54.7958,,,
2026-01-13T03:00:00,,56.8173,,,
2026-01-13T03:30:00,,49.2089,,,
2026-01-13T04:00:00,,49.2089,,,
2026-01-13T04:30:00,,57.8467,,,
2026-01-13T05:00:00,,68.1422,,,
2026-01-13T05:30:00,,78.5828,,,
2026-01-13T06:00:00,,110.9082,,,
2026-01-13T06:30:00,,163.4310,,,
2026-01-13T07:00:00,,194.3889,,,
2026-01-13T07:30:00,,244.1443,,,
2026-01-13T08:00:00,,287.2670,,,
2026-01-13T08:30:00,,309.7171,,,
2026-01-13T09:00:00,,329.5917,,,
2026-01-13T09:30:00,,335.4496,,,
2026-01-13T10:00:00,,335.4496,,,
2026-01-13T10:30:00,,335.4496,,,
2026-01-13T11:00:00,,334.8522,,,
2026-01-13T11:30:00,,334.8522,,,
2026-01-13T12:00:00,,325.7591,,,
2026-01-13T12:30:00,,318.4132,,,
2026-01-13T13:00:00,,318.4132,,,
2026-01-13T13:30:00,,318.4132,,,
2026-01-13T14:00:00,,318.4132,,,
2026-01-13T14:30:00,,305.8606,,,
2026-01-13T15:00:00,,302.7464,,,
2026-01-13T15:30:00,,291.3396,,,
2026-01-13T16:00:00,,273.5362,,,
2026-01-13T16:30:00,,264.4135,,,
2026-01-13T17:00:00,,247.6964,,,
2026-01-13T17:30:00,,251.5442,,,
2026-01-13T18:00:00,,230.0637,,,
2026-01-13T18:30:00,,222.0965,,,
2026-01-13T19:00:00,,221.5090,,,
2026-01-13T19:30:00,,221.3216,,,
2026-01-13T20:00:00,,218.7203,,,
2026-01-13T20:30:00,,220.6060,,,
2026-01-13T21:00:00,,220.6060,,,
2026-01-13T21:30:00,,218.7203,,,
2026-01-13T22:00:00,,213.7746,,,
2026-01-13T22:30:00,,216.6546,,,
2026-01-13T23:00:00,,201.8355,,,
2026-01-13T23:30:00,,183.1449,,,
2026-01-14T00:00:00,,171.5440,,,
2026-01-14T00:30:00,,147.9788,,,
2026-01-14T01:00:00,,95.8679,,,
2026-01-14T01:30:00,,77.3266,,,
2026-01-14T02:00:00,,63.0607,,,
2026-01-14T02:30:00,,59.0133,,,
2026-01-14T03:00:00,,58.7478,,,
2026-01-14T03:30:00,,53.0336,,,
2026-01-14T04:00:00,,53.7316,,,
2026-01-14T04:30:00,,63.6329,,,
2026-01-14T05:00:00,,71.3138,,,
2026-01-14T05:30:00,,70.7743,,,
2026-01-14T06:00:00,,101.1865,,,
2026-01-14T06:30:00,,135.5365,,,
2026-01-14T07:00:00,,187.2394,,,
2026-01-14T07:30:00,,242.4099,,,
2026-01-14T08:00:00,,286.9089,,,
2026-01-14T08:30:00,,310.2159,,,
2026-01-14T09:00:00,,329.5169,,,
2026-01-14T09:30:00,,335.3918,,,
2026-01-14T10:00:00,,335.3918,,,
2026-01-14T10:30:00,,335.3918,,,
2026-01-14T11:00:00,,334.7944,,,
2026-01-14T11:30:00,,334.7944,,,
2026-01-14T12:00:00,,324.9731,,,
2026-01-14T12:30:00,,319.5173,,,
2026-01-14T13:00:00,,318.8306,,,
2026-01-14T13:30:00,,318.1205,,,
2026-01-14T14:00:00,,319.5173,,,
2026-01-14T14:30:00,,306.9647,,,
2026-01-14T15:00:00,,303.3263,,,
2026-01-14T15:30:00,,290.7396,,,
2026-01-14T16:00:00,,269.5273,,,
2026-01-14T16:30:00,,254.6793,,,
2026-01-14T17:00:00,,233.5637,,,
2026-01-14T17:30:00,,237.6816,,,
2026-01-14T18:00:00,,221.8217,,,
2026-01-14T18:30:00,,207.1556,,,
2026-01-14T19:00:00,,210.2198,,,
2026-01-14T19:30:00,,215.2591,,,
2026-01-14T20:00:00,,205.4179,,,
2026-01-14T20:30:00,,205.4179,,,
2026-01-14T21:00:00,,205.4179,,,
2026-01-14T21:30:00,,210.7726,,,
2026-01-14T22:00:00,,214.5435,,,
2026-01-14T22:30:00,,212.9850,,,
2026-01-14T23:00:00,,183.6618,,,
2026-01-14T23:30:00,,161.6731,,,
2026-01-15T00:00:00,,200.3771,,,
2026-01-15T00:30:00,,154.7555,,,
2026-01-15T01:00:00,,150.7287,,,
2026-01-15T01:30:00,,104.9404,,,
2026-01-15T02:00:00,,79.1345,,,
2026-01-15T02:30:00,,73.5338,,,
2026-01-15T03:00:00,,68.4185,,,
2026-01-15T03:30:00,,55.5921,,,
2026-01-15T04:00:00,,55.5921,,,
2026-01-15T04:30:00,,57.8979,,,
2026-01-15T05:00:00,,66.7370,,,
2026-01-15T05:30:00,,72.2308,,,
2026-01-15T06:00:00,,98.8842,,,
2026-01-15T06:30:00,,123.8155,,,
2026-01-15T07:00:00,,176.7933,,,
2026-01-15T07:30:00,,214.2132,,,
2026-01-15T08:00:00,,266.0367,,,
2026-01-15T08:30:00,,299.7293,,,
2026-01-15T09:00:00,,329.5169,,,
2026-01-15T09:30:00,,332.7410,,,
2026-01-15T10:00:00,,335.3918,,,
2026-01-15T10:30:00,,335.3918,,,
2026-01-15T11:00:00,,334.7944,,,
2026-01-15T11:30:00,,332.9044,,,
2026-01-15T12:00:00,,326.8631,,,
2026-01-15T12:30:00,,319.5173,,,
2026-01-15T13:00:00,,317.3597,,,
2026-01-15T13:30:00,,318.1205,,,
2026-01-15T14:00:00,,317.3597,,,
2026-01-15T14:30:00,,305.5171,,,
2026-01-15T15:00:00,,302.1464,,,
2026-01-15T15:30:00,,288.9788,,,
2026-01-15T16:00:00,,267.6326,,,
2026-01-15T16:30:00,,250.9516,,,
2026-01-15T17:00:00,,233.5637,,,
2026-01-15T17:30:00,,232.2826,,,
2026-01-15T18:00:00,,228.0504,,,
2026-01-15T18:30:00,,212.2631,,,
2026-01-15T19:00:00,,212.2651,,,
2026-01-15T19:30:00,,209.4429,,,
2026-01-15T20:00:00,,214.5435,,,
2026-01-15T20:30:00,,214.5435,,,
2026-01-15T21:00:00,,214.5435,,,
2026-01-15T21:30:00,,216.5122,,,
2026-01-15T22:00:00,,216.5122,,,
2026-01-15T22:30:00,,212.9850,,,
2026-01-15T23:00:00,,201.4055,,,
2026-01-15T23:30:00,,170.8898,,,
2026-01-16T00:00:00,,173.6860,,,
2026-01-16T00:30:00,,149.7305,,,
2026-01-16T01:00:00,,139.0358,,,
2026-01-16T01:30:00,,97.0428,,,
2026-01-16T02:00:00,,88.2705,,,
2026-01-16T02:30:00,,75.7636,,,
2026-01-16T03:00:00,,75.2149,,,
2026-01-16T03:30:00,,66.5053,,,
2026-01-16T04:00:00,,66.5053,,,
2026-01-16T04:30:00,,66.5053,,,
2026-01-16T05:00:00,,71.7070,,,
2026-01-16T05:30:00,,71.4911,,,
2026-01-16T06:00:00,,96.8794,,,
2026-01-16T06:30:00,,154.7478,,,
2026-01-16T07:00:00,,185.4273,,,
2026-01-16T07:30:00,,230.9422,,,
2026-01-16T08:00:00,,272.6802,,,
2026-01-16T08:30:00,,302.2714,,,
2026-01-16T09:00:00,,315.8401,,,
2026-01-16T09:30:00,,321.7150,,,
2026-01-16T10:00:00,,321.7150,,,
2026-01-16T10:30:00,,321.7150,,,
2026-01-16T11:00:00,,321.1176,,,
2026-01-16T11:30:00,,321.1176,,,
2026-01-16T12:00:00,,316.0323,,,
2026-01-16T12:30:00,,308.6865,,,
2026-01-16T13:00:00,,308.0982,,,
2026-01-16T13:30:00,,308.6865,,,
2026-01-16T14:00:00,,308.6865,,,
2026-01-16T14:30:00,,295.4471,,,
2026-01-16T15:00:00,,291.3156,,,
2026-01-16T15:30:00,,280.1607,,,
2026-01-16T16:00:00,,263.2803,,,
2026-01-16T16:30:00,,250.0490,,,
2026-01-16T17:00:00,,232.7102,,,
2026-01-16T17:30:00,,232.0187,,,
2026-01-16T18:00:00,,223.3676,,,
2026-01-16T18:30:00,,220.9826,,,
2026-01-16T19:00:00,,220.9804,,,
2026-01-16T19:30:00,,214.5969,,,
2026-01-16T20:00:00,,217.6022,,,
2026-01-16T20:30:00,,212.6564,,,
2026-01-16T21:00:00,,217.6022,,,
2026-01-16T21:30:00,,217.6022,,,
2026-01-16T22:00:00,,217.9311,,,
2026-01-16T22:30:00,,217.9311,,,
2026-01-16T23:00:00,,211.7547,,,
2026-01-16T23:30:00,,199.1275,,,
2026-01-17T00:00:00,,223.0841,,,
2026-01-17T00:30:00,,171.6104,,,
2026-01-17T01:00:00,,164.8866,,,
2026-01-17T01:30:00,,117.0130,,,
2026-01-17T02:00:00,,96.7096,,,
2026-01-17T02:30:00,,86.2230,,,
2026-01-17T03:00:00,,80.8180,,,
2026-01-17T03:30:00,,71.7645,,,
2026-01-17T04:00:00,,69.4219,,,
2026-01-17T04:30:00,,69.6722,,,
2026-01-17T05:00:00,,69.1823,,,
2026-01-17T05:30:00,,70.5350,,,
2026-01-17T06:00:00,,89.9331,,,
2026-01-17T06:30:00,,109.3027,,,
2026-01-17T07:00:00,,120.2572,,,
2026-01-17T07:30:00,,161.4597,,,
2026-01-17T08:00:00,,174.8878,,,
2026-01-17T08:30:00,,200.6365,,,
2026-01-17T09:00:00,,210.6182,,,
2026-01-17T09:30:00,,218.8141,,,
2026-01-17T10:00:00,,218.8141,,,
2026-01-17T10:30:00,,218.8141,,,
2026-01-17T11:00:00,,218.6706,,,
2026-01-17T11:30:00,,218.6706,,,
2026-01-17T12:00:00,,214.1007,,,
2026-01-17T12:30:00,,214.0819,,,
2026-01-17T13:00:00,,214.0819,,,
2026-01-17T13:30:00,,213.4572,,,
2026-01-17T14:00:00,,213.5065,,,
2026-01-17T14:30:00,,214.0819,,,
2026-01-17T15:00:00,,205.5975,,,
2026-01-17T15:30:00,,212.3229,,,
2026-01-17T16:00:00,,218.4038,,,
2026-01-17T16:30:00,,215.1909,,,
2026-01-17T17:00:00,,210.1956,,,
2026-01-17T17:30:00,,215.1856,,,
2026-01-17T18:00:00,,205.6717,,,
2026-01-17T18:30:00,,206.2638,,,
2026-01-17T19:00:00,,212.8187,,,
2026-01-17T19:30:00,,210.0730,,,
2026-01-17T20:00:00,,213.5637,,,
2026-01-17T20:30:00,,209.3596,,,
2026-01-17T21:00:00,,219.3841,,,
2026-01-17T21:30:00,,219.3841,,,
2026-01-17T22:00:00,,226.4651,,,
2026-01-17T22:30:00,,226.4651,,,
2026-01-17T23:00:00,,226.4651,,,
2026-01-17T23:30:00,,231.2802,,,
2026-01-18T00:00:00,,209.6973,,,
2026-01-18T00:30:00,,166.4904,,,
2026-01-18T01:00:00,,183.0982,,,
2026-01-18T01:30:00,,117.2461,,,
2026-01-18T02:00:00,,112.7401,,,
2026-01-18T02:30:00,,80.9967,,,
2026-01-18T03:00:00,,80.7668,,,
2026-01-18T03:30:00,,70.2569,,,
2026-01-18T04:00:00,,69.3707,,,
2026-01-18T04:30:00,,69.6210,,,
2026-01-18T05:00:00,,66.6519,,,
2026-01-18T05:30:00,,66.1199,,,
2026-01-18T06:00:00,,78.9512,,,
2026-01-18T06:30:00,,103.1111,,,
2026-01-18T07:00:00,,143.6669,,,
2026-01-18T07:30:00,,181.3405,,,
2026-01-18T08:00:00,,187.0753,,,
2026-01-18T08:30:00,,196.2719,,,
2026-01-18T09:00:00,,203.9341,,,
2026-01-18T09:30:00,,215.3063,,,
2026-01-18T10:00:00,,210.2583,,,
2026-01-18T10:30:00,,215.3063,,,
2026-01-18T11:00:00,,210.5068,,,
2026-01-18T11:30:00,,211.1586,,,
2026-01-18T12:00:00,,208.1030,,,
2026-01-18T12:30:00,,212.9052,,,
2026-01-18T13:00:00,,207.4595,,,
2026-01-18T13:30:00,,207.5233,,,
2026-01-18T14:00:00,,207.5233,,,
2026-01-18T14:30:00,,208.1113,,,
2026-01-18T15:00:00,,212.3240,,,
2026-01-18T15:30:00,,204.4395,,,
2026-01-18T16:00:00,,211.4139,,,
2026-01-18T16:30:00,,205.3685,,,
2026-01-18T17:00:00,,206.0547,,,
2026-01-18T17:30:00,,204.4750,,,
2026-01-18T18:00:00,,205.0191,,,
2026-01-18T18:30:00,,205.3504,,,
2026-01-18T19:00:00,,205.7044,,,
2026-01-18T19:30:00,,199.8232,,,
2026-01-18T20:00:00,,199.5860,,,
2026-01-18T20:30:00,,200.9046,,,
2026-01-18T21:00:00,,211.1514,,,
2026-01-18T21:30:00,,201.4003,,,
2026-01-18T22:00:00,,217.2045,,,
2026-01-18T22:30:00,,213.6901,,,
2026-01-18T23:00:00,,203.9389,,,
2026-01-18T23:30:00,,190.7753,,,
2026-01-19T00:00:00,,154.0648,,,
2026-01-19T00:30:00,,119.8200,,,
2026-01-19T01:00:00,,98.4955,,,
2026-01-19T01:30:00,,82.6501,,,
2026-01-19T02:00:00,,71.3292,,,
2026-01-19T02:30:00,,60.2794,,,
2026-01-19T03:00:00,,55.9572,,,
2026-01-19T03:30:00,,57.3398,,,
2026-01-19T04:00:00,,60.3248,,,
2026-01-19T04:30:00,,62.2041,,,
2026-01-19T05:00:00,,62.2041,,,
2026-01-19T05:30:00,,63.4102,,,
2026-01-19T06:00:00,,87.6377,,,
2026-01-19T06:30:00,,106.0767,,,
2026-01-19T07:00:00,,153.9524,,,
2026-01-19T07:30:00,,176.6457,,,
2026-01-19T08:00:00,,211.6713,,,
2026-01-19T08:30:00,,219.8039,,,
2026-01-19T09:00:00,,239.0194,,,
2026-01-19T09:30:00,,249.1212,,,
2026-01-19T10:00:00,,249.1212,,,
2026-01-19T10:30:00,,249.1212,,,
2026-01-19T11:00:00,,248.5238,,,
2026-01-19T11:30:00,,248.5238,,,
2026-01-19T12:00:00,,239.8503,,,
2026-01-19T12:30:00,,233.6033,,,
2026-01-19T13:00:00,,233.6033,,,
2026-01-19T13:30:00,,233.6033,,,
2026-01-19T14:00:00,,233.6033,,,
2026-01-19T14:30:00,,239.6550,,,
2026-01-19T15:00:00,,239.0246,,,
2026-01-19T15:30:00,,230.6102,,,
2026-01-19T16:00:00,,227.7524,,,
2026-01-19T16:30:00,,215.2470,,,
2026-01-19T17:00:00,,218.0373,,,
2026-01-19T17:30:00,,217.3458,,,
2026-01-19T18:00:00,,215.1577,,,
2026-01-19T18:30:00,,204.6454,,,
2026-01-19T19:00:00,,214.0669,,,
2026-01-19T19:30:00,,213.2900,,,
2026-01-19T20:00:00,,209.2650,,,
2026-01-19T20:30:00,,208.1988,,,
2026-01-19T21:00:00,,209.2650,,,
2026-01-19T21:30:00,,209.2650,,,
2026-01-19T22:00:00,,209.2650,,,
2026-01-19T22:30:00,,208.4258,,,
2026-01-19T23:00:00,,188.7814,,,
2026-01-19T23:30:00,,168.2819,,,
2026-01-20T00:00:00,,167.0073,,,
2026-01-20T00:30:00,,122.1694,,,
2026-01-20T01:00:00,,97.3554,,,
2026-01-20T01:30:00,,83.9892,,,
2026-01-20T02:00:00,,68.0511,,,
2026-01-20T02:30:00,,59.1393,,,
2026-01-20T03:00:00,,58.8739,,,
2026-01-20T03:30:00,,52.9540,,,
2026-01-20T04:00:00,,52.9540,,,
2026-01-20T04:30:00,,56.7274,,,
2026-01-20T05:00:00,,62.2167,,,
2026-01-20T05:30:00,,72.3694,,,
2026-01-20T06:00:00,,102.8772,,,
2026-01-20T06:30:00,,165.9740,,,
2026-01-20T07:00:00,,188.0522,,,
2026-01-20T07:30:00,,240.8916,,,
2026-01-20T08:00:00,,278.5077,,,
2026-01-20T08:30:00,,308.3716,,,
2026-01-20T09:00:00,,331.4993,,,
2026-01-20T09:30:00,,339.7006,,,
2026-01-20T10:00:00,,339.7006,,,
2026-01-20T10:30:00,,339.7006,,,
2026-01-20T11:00:00,,339.1032,,,
2026-01-20T11:30:00,,339.1032,,,
2026-01-20T12:00:00,,328.5392,,,
2026-01-20T12:30:00,,321.6865,,,
2026-01-20T13:00:00,,321.6865,,,
2026-01-20T13:30:00,,321.6865,,,
2026-01-20T14:00:00,,321.6865,,,
2026-01-20T14:30:00,,309.8440,,,
2026-01-20T15:00:00,,303.2071,,,
2026-01-20T15:30:00,,291.2578,,,
2026-01-20T16:00:00,,271.3310,,,
2026-01-20T16:30:00,,257.7306,,,
2026-01-20T17:00:00,,233.7198,,,
2026-01-20T17:30:00,,236.7492,,,
2026-01-20T18:00:00,,224.4874,,,
2026-01-20T18:30:00,,209.1662,,,
2026-01-20T19:00:00,,208.9209,,,
2026-01-20T19:30:00,,208.1440,,,
2026-01-20T20:00:00,,206.3623,,,
2026-01-20T20:30:00,,207.4284,,,
2026-01-20T21:00:00,,207.4284,,,
2026-01-20T21:30:00,,206.3623,,,
2026-01-20T22:00:00,,205.2071,,,
2026-01-20T22:30:00,,203.5679,,,
2026-01-20T23:00:00,,188.0312,,,
2026-01-20T23:30:00,,171.9844,,,
2026-01-21T00:00:00,,159.3901,,,
2026-01-21T00:30:00,,135.7901,,,
2026-01-21T01:00:00,,90.6928,,,
2026-01-21T01:30:00,,74.8474,,,
2026-01-21T02:00:00,,61.1814,,,
2026-01-21T02:30:00,,54.8470,,,
2026-01-21T03:00:00,,54.5815,,,
2026-01-21T03:30:00,,53.0336,,,
2026-01-21T04:00:00,,53.0336,,,
2026-01-21T04:30:00,,56.0186,,,
2026-01-21T05:00:00,,60.6608,,,
2026-01-21T05:30:00,,64.6982,,,
2026-01-21T06:00:00,,101.1882,,,
2026-01-21T06:30:00,,129.6653,,,
2026-01-21T07:00:00,,186.8599,,,
2026-01-21T07:30:00,,240.1729,,,
2026-01-21T08:00:00,,280.3728,,,
2026-01-21T08:30:00,,309.1972,,,
2026-01-21T09:00:00,,330.4315,,,
2026-01-21T09:30:00,,337.0165,,,
2026-01-21T10:00:00,,337.0165,,,
2026-01-21T10:30:00,,337.0165,,,
2026-01-21T11:00:00,,336.4191,,,
2026-01-21T11:30:00,,336.4191,,,
2026-01-21T12:00:00,,327.0169,,,
2026-01-21T12:30:00,,320.1642,,,
2026-01-21T13:00:00,,320.1642,,,
2026-01-21T13:30:00,,320.1642,,,
2026-01-21T14:00:00,,320.1642,,,
2026-01-21T14:30:00,,308.3217,,,
2026-01-21T15:00:00,,301.1606,,,
2026-01-21T15:30:00,,288.7678,,,
2026-01-21T16:00:00,,270.3240,,,
2026-01-21T16:30:00,,254.8379,,,
2026-01-21T17:00:00,,232.2731,,,
2026-01-21T17:30:00,,230.5672,,,
2026-01-21T18:00:00,,221.3477,,,
2026-01-21T18:30:00,,197.3756,,,
2026-01-21T19:00:00,,201.6231,,,
2026-01-21T19:30:00,,204.7212,,,
2026-01-21T20:00:00,,195.6379,,,
2026-01-21T20:30:00,,195.6379,,,
2026-01-21T21:00:00,,195.6379,,,
2026-01-21T21:30:00,,200.1306,,,
2026-01-21T22:00:00,,204.0056,,,
2026-01-21T22:30:00,,198.5721,,,
2026-01-21T23:00:00,,179.2012,,,
2026-01-21T23:30:00,,161.3661,,,
2026-01-22T00:00:00,,172.0204,,,
2026-01-22T00:30:00,,143.0554,,,
2026-01-22T01:00:00,,134.4330,,,
2026-01-22T01:30:00,,90.9563,,,
2026-01-22T02:00:00,,71.2749,,,
2026-01-22T02:30:00,,64.7483,,,
2026-01-22T03:00:00,,58.7478,,,
2026-01-22T03:30:00,,53.0336,,,
2026-01-22T04:00:00,,53.0336,,,
2026-01-22T04:30:00,,53.0336,,,
2026-01-22T05:00:00,,58.5228,,,
2026-01-22T05:30:00,,68.2951,,,
2026-01-22T06:00:00,,91.7630,,,
2026-01-22T06:30:00,,123.8155,,,
2026-01-22T07:00:00,,173.4603,,,
2026-01-22T07:30:00,,218.9454,,,
2026-01-22T08:00:00,,267.2175,,,
2026-01-22T08:30:00,,298.2838,,,
2026-01-22T09:00:00,,326.1814,,,
2026-01-22T09:30:00,,332.7664,,,
2026-01-22T10:00:00,,332.7664,,,
2026-01-22T10:30:00,,332.7664,,,
2026-01-22T11:00:00,,332.1690,,,
2026-01-22T11:30:00,,332.1690,,,
2026-01-22T12:00:00,,322.7668,,,
2026-01-22T12:30:00,,315.9141,,,
2026-01-22T13:00:00,,315.9141,,,
2026-01-22T13:30:00,,315.9141,,,
2026-01-22T14:00:00,,315.9141,,,
2026-01-22T14:30:00,,304.0716,,,
2026-01-22T15:00:00,,296.9105,,,
2026-01-22T15:30:00,,284.1996,,,
2026-01-22T16:00:00,,267.1759,,,
2026-01-22T16:30:00,,250.5878,,,
2026-01-22T17:00:00,,228.0229,,,
2026-01-22T17:30:00,,225.7673,,,
2026-01-22T18:00:00,,219.7764,,,
2026-01-22T18:30:00,,201.8684,,,
2026-01-22T19:00:00,,201.6231,,,
2026-01-22T19:30:00,,200.8462,,,
2026-01-22T20:00:00,,204.0056,,,
2026-01-22T20:30:00,,204.0056,,,
2026-01-22T21:00:00,,204.0056,,,
2026-01-22T21:30:00,,203.6230,,,
2026-01-22T22:00:00,,203.6230,,,
2026-01-22T22:30:00,,198.5721,,,
2026-01-22T23:00:00,,183.6618,,,
2026-01-22T23:30:00,,161.6731,,,
2026-01-23T00:00:00,,160.0161,,,
2026-01-23T00:30:00,,135.8264,,,
2026-01-23T01:00:00,,126.1139,,,
2026-01-23T01:30:00,,85.1031,,,
2026-01-23T02:00:00,,76.9392,,,
2026-01-23T02:30:00,,65.4248,,,
2026-01-23T03:00:00,,64.8761,,,
2026-01-23T03:30:00,,58.2911,,,
2026-01-23T04:00:00,,58.2911,,,
2026-01-23T04:30:00,,58.2911,,,
2026-01-23T05:00:00,,61.0540,,,
2026-01-23T05:30:00,,63.9585,,,
2026-01-23T06:00:00,,89.7582,,,
2026-01-23T06:30:00,,146.6537,,,
2026-01-23T07:00:00,,180.9588,,,
2026-01-23T07:30:00,,222.0318,,,
2026-01-23T08:00:00,,260.8321,,,
2026-01-23T08:30:00,,290.1082,,,
2026-01-23T09:00:00,,310.9212,,,
2026-01-23T09:30:00,,316.7961,,,
2026-01-23T10:00:00,,316.7961,,,
2026-01-23T10:30:00,,316.7961,,,
2026-01-23T11:00:00,,316.1987,,,
2026-01-23T11:30:00,,316.1987,,,
2026-01-23T12:00:00,,311.1133,,,
2026-01-23T12:30:00,,304.2607,,,
2026-01-23T13:00:00,,304.2607,,,
2026-01-23T13:30:00,,304.2607,,,
2026-01-23T14:00:00,,304.2607,,,
2026-01-23T14:30:00,,287.7854,,,
2026-01-23T15:00:00,,285.0437,,,
2026-01-23T15:30:00,,274.6631,,,
2026-01-23T16:00:00,,257.5352,,,
2026-01-23T16:30:00,,240.9471,,,
2026-01-23T17:00:00,,221.1976,,,
2026-01-23T17:30:00,,220.5061,,,
2026-01-23T18:00:00,,211.8364,,,
2026-01-23T18:30:00,,206.6087,,,
2026-01-23T19:00:00,,206.6065,,,
2026-01-23T19:30:00,,204.4172,,,
2026-01-23T20:00:00,,203.3191,,,
2026-01-23T20:30:00,,199.8267,,,
2026-01-23T21:00:00,,203.3191,,,
2026-01-23T21:30:00,,203.3191,,,
2026-01-23T22:00:00,,203.6480,,,
2026-01-23T22:30:00,,203.6480,,,
2026-01-23T23:00:00,,192.4456,,,
2026-01-23T23:30:00,,177.6614,,,
2026-01-24T00:00:00,,204.3228,,,
2026-01-24T00:30:00,,171.6104,,,
2026-01-24T01:00:00,,164.8866,,,
2026-01-24T01:30:00,,107.4017,,,
2026-01-24T02:00:00,,88.6612,,,
2026-01-24T02:30:00,,74.6447,,,
2026-01-24T03:00:00,,72.9584,,,
2026-01-24T03:30:00,,64.2319,,,
2026-01-24T04:00:00,,61.2077,,,
2026-01-24T04:30:00,,61.4580,,,
2026-01-24T05:00:00,,60.9681,,,
2026-01-24T05:30:00,,63.3586,,,
2026-01-24T06:00:00,,82.4818,,,
2026-01-24T06:30:00,,101.6427,,,
2026-01-24T07:00:00,,118.2058,,,
2026-01-24T07:30:00,,168.7169,,,
2026-01-24T08:00:00,,177.8848,,,
2026-01-24T08:30:00,,194.8972,,,
2026-01-24T09:00:00,,204.8782,,,
2026-01-24T09:30:00,,213.3138,,,
2026-01-24T10:00:00,,213.3138,,,
2026-01-24T10:30:00,,213.3138,,,
2026-01-24T11:00:00,,213.5624,,,
2026-01-24T11:30:00,,213.5624,,,
2026-01-24T12:00:00,,211.2503,,,
2026-01-24T12:30:00,,210.6067,,,
2026-01-24T13:00:00,,210.6441,,,
2026-01-24T13:30:00,,210.6206,,,
2026-01-24T14:00:00,,210.6206,,,
2026-01-24T14:30:00,,210.6441,,,
2026-01-24T15:00:00,,200.9979,,,
2026-01-24T15:30:00,,204.4672,,,
2026-01-24T16:00:00,,205.9083,,,
2026-01-24T16:30:00,,205.4176,,,
2026-01-24T17:00:00,,199.4128,,,
2026-01-24T17:30:00,,202.5963,,,
2026-01-24T18:00:00,,194.1391,,,
2026-01-24T18:30:00,,192.5144,,,
2026-01-24T19:00:00,,196.2692,,,
2026-01-24T19:30:00,,195.4922,,,
2026-01-24T20:00:00,,197.9749,,,
2026-01-24T20:30:00,,194.7788,,,
2026-01-24T21:00:00,,202.7391,,,
2026-01-24T21:30:00,,202.7391,,,
2026-01-24T22:00:00,,209.5322,,,
2026-01-24T22:30:00,,209.5322,,,
2026-01-24T23:00:00,,209.5322,,,
2026-01-24T23:30:00,,209.5116,,,
2026-01-25T00:00:00,,197.4768,,,
2026-01-25T00:30:00,,166.2060,,,
2026-01-25T01:00:00,,175.6102,,,
2026-01-25T01:30:00,,107.3505,,,
2026-01-25T02:00:00,,98.9607,,,
2026-01-25T02:30:00,,73.1371,,,
2026-01-25T03:00:00,,72.9072,,,
2026-01-25T03:30:00,,64.1807,,,
2026-01-25T04:00:00,,61.1565,,,
2026-01-25T04:30:00,,61.4068,,,
2026-01-25T05:00:00,,60.9169,,,
2026-01-25T05:30:00,,61.1694,,,
2026-01-25T06:00:00,,77.8537,,,
2026-01-25T06:30:00,,99.6454,,,
2026-01-25T07:00:00,,135.7283,,,
2026-01-25T07:30:00,,173.0806,,,
2026-01-25T08:00:00,,184.2812,,,
2026-01-25T08:30:00,,189.7812,,,
2026-01-25T09:00:00,,194.0663,,,
2026-01-25T09:30:00,,207.0021,,,
2026-01-25T10:00:00,,204.5539,,,
2026-01-25T10:30:00,,207.0021,,,
2026-01-25T11:00:00,,204.8024,,,
2026-01-25T11:30:00,,204.8024,,,
2026-01-25T12:00:00,,201.1226,,,
2026-01-25T12:30:00,,201.7550,,,
2026-01-25T13:00:00,,197.3669,,,
2026-01-25T13:30:00,,197.6332,,,
2026-01-25T14:00:00,,197.6332,,,
2026-01-25T14:30:00,,200.5164,,,
2026-01-25T15:00:00,,199.2779,,,
2026-01-25T15:30:00,,194.4288,,,
2026-01-25T16:00:00,,197.4093,,,
2026-01-25T16:30:00,,193.2586,,,
2026-01-25T17:00:00,,193.6269,,,
2026-01-25T17:30:00,,193.7801,,,
2026-01-25T18:00:00,,192.9549,,,
2026-01-25T18:30:00,,191.3301,,,
2026-01-25T19:00:00,,191.3279,,,
2026-01-25T19:30:00,,191.4059,,,
2026-01-25T20:00:00,,191.2253,,,
2026-01-25T20:30:00,,191.4778,,,
2026-01-25T21:00:00,,197.5253,,,
2026-01-25T21:30:00,,193.7683,,,
2026-01-25T22:00:00,,204.4461,,,
2026-01-25T22:30:00,,203.5125,,,
2026-01-25T23:00:00,,193.5993,,,
2026-01-25T23:30:00,,185.7760,,,
2026-01-26T00:00:00,,150.6492,,,
2026-01-26T00:30:00,,115.9171,,,
2026-01-26T01:00:00,,91.1031,,,
2026-01-26T01:30:00,,77.7369,,,
2026-01-26T02:00:00,,65.6091,,,
2026-01-26T02:30:00,,57.1178,,,
2026-01-26T03:00:00,,54.0106,,,
2026-01-26T03:30:00,,53.1606,,,
2026-01-26T04:00:00,,55.7191,,,
2026-01-26T04:30:00,,55.7191,,,
2026-01-26T05:00:00,,56.3440,,,
2026-01-26T05:30:00,,60.4368,,,
2026-01-26T06:00:00,,86.5094,,,
2026-01-26T06:30:00,,113.0331,,,
2026-01-26T07:00:00,,172.2337,,,
2026-01-26T07:30:00,,193.1216,,,
2026-01-26T08:00:00,,242.6137,,,
2026-01-26T08:30:00,,263.7318,,,
2026-01-26T09:00:00,,273.0613,,,
2026-01-26T09:30:00,,297.4417,,,
2026-01-26T10:00:00,,297.4417,,,
2026-01-26T10:30:00,,297.4417,,,
2026-01-26T11:00:00,,291.4155,,,
2026-01-26T11:30:00,,291.4155,,,
2026-01-26T12:00:00,,272.0282,,,
2026-01-26T12:30:00,,268.9682,,,
2026-01-26T13:00:00,,268.9682,,,
2026-01-26T13:30:00,,268.9682,,,
2026-01-26T14:00:00,,268.9682,,,
2026-01-26T14:30:00,,269.2207,,,
2026-01-26T15:00:00,,266.1617,,,
2026-01-26T15:30:00,,255.3079,,,
2026-01-26T16:00:00,,249.2600,,,
2026-01-26T16:30:00,,229.4575,,,
2026-01-26T17:00:00,,220.4832,,,
2026-01-26T17:30:00,,219.9078,,,
2026-01-26T18:00:00,,214.5018,,,
2026-01-26T18:30:00,,196.1914,,,
2026-01-26T19:00:00,,204.3139,,,
2026-01-26T19:30:00,,203.9654,,,
2026-01-26T20:00:00,,200.5866,,,
2026-01-26T20:30:00,,200.0344,,,
2026-01-26T21:00:00,,200.5866,,,
2026-01-26T21:30:00,,200.5866,,,
2026-01-26T22:00:00,,200.5866,,,
2026-01-26T22:30:00,,197.9687,,,
2026-01-26T23:00:00,,180.1727,,,
2026-01-26T23:30:00,,161.6219,,,
2026-01-27T00:00:00,,160.0686,,,
2026-01-27T00:30:00,,115.4556,,,
2026-01-27T01:00:00,,90.6416,,,
2026-01-27T01:30:00,,77.2754,,,
2026-01-27T02:00:00,,63.0095,,,
2026-01-27T02:30:00,,54.7958,,,
2026-01-27T03:00:00,,54.5303,,,
2026-01-27T03:30:00,,50.7850,,,
2026-01-27T04:00:00,,50.7850,,,
2026-01-27T04:30:00,,52.9824,,,
2026-01-27T05:00:00,,56.1658,,,
2026-01-27T05:30:00,,68.2440,,,
2026-01-27T06:00:00,,96.7748,,,
2026-01-27T06:30:00,,160.7756,,,
2026-01-27T07:00:00,,179.9332,,,
2026-01-27T07:30:00,,225.5324,,,
2026-01-27T08:00:00,,259.7940,,,
2026-01-27T08:30:00,,287.6483,,,
2026-01-27T09:00:00,,305.9805,,,
2026-01-27T09:30:00,,313.1401,,,
2026-01-27T10:00:00,,313.1401,,,
2026-01-27T10:30:00,,313.1401,,,
2026-01-27T11:00:00,,312.5427,,,
2026-01-27T11:30:00,,312.5427,,,
2026-01-27T12:00:00,,301.1771,,,
2026-01-27T12:30:00,,293.5637,,,
2026-01-27T13:00:00,,293.5637,,,
2026-01-27T13:30:00,,293.5637,,,
2026-01-27T14:00:00,,293.5637,,,
2026-01-27T14:30:00,,283.0203,,,
2026-01-27T15:00:00,,276.3834,,,
2026-01-27T15:30:00,,267.0524,,,
2026-01-27T16:00:00,,252.7573,,,
2026-01-27T16:30:00,,240.4205,,,
2026-01-27T17:00:00,,224.2132,,,
2026-01-27T17:30:00,,223.3287,,,
2026-01-27T18:00:00,,215.8012,,,
2026-01-27T18:30:00,,200.6841,,,
2026-01-27T19:00:00,,199.8866,,,
2026-01-27T19:30:00,,199.9646,,,
2026-01-27T20:00:00,,196.0939,,,
2026-01-27T20:30:00,,196.0939,,,
2026-01-27T21:00:00,,196.0939,,,
2026-01-27T21:30:00,,196.0939,,,
2026-01-27T22:00:00,,196.0939,,,
2026-01-27T22:30:00,,194.0282,,,
2026-01-27T23:00:00,,180.1727,,,
2026-01-27T23:30:00,,161.6219,,,
2026-01-28T00:00:00,,160.1198,,,
2026-01-28T00:30:00,,119.1014,,,
2026-01-28T01:00:00,,87.4100,,,
2026-01-28T01:30:00,,74.8474,,,
2026-01-28T02:00:00,,60.7549,,,
2026-01-28T02:30:00,,54.1489,,,
2026-01-28T03:00:00,,53.8835,,,
2026-01-28T03:30:00,,53.0336,,,
2026-01-28T04:00:00,,53.0336,,,
2026-01-28T04:30:00,,53.0336,,,
2026-01-28T05:00:00,,56.2170,,,
2026-01-28T05:30:00,,60.6808,,,
2026-01-28T06:00:00,,95.7729,,,
2026-01-28T06:30:00,,121.7609,,,
2026-01-28T07:00:00,,178.2718,,,
2026-01-28T07:30:00,,216.8549,,,
2026-01-28T08:00:00,,251.6673,,,
2026-01-28T08:30:00,,278.3118,,,
2026-01-28T09:00:00,,295.4821,,,
2026-01-28T09:30:00,,302.0671,,,
2026-01-28T10:00:00,,302.0671,,,
2026-01-28T10:30:00,,302.0671,,,
2026-01-28T11:00:00,,301.4697,,,
2026-01-28T11:30:00,,301.4697,,,
2026-01-28T12:00:00,,291.8576,,,
2026-01-28T12:30:00,,284.2441,,,
2026-01-28T13:00:00,,284.2441,,,
2026-01-28T13:30:00,,284.2441,,,
2026-01-28T14:00:00,,284.2441,,,
2026-01-28T14:30:00,,273.7008,,,
2026-01-28T15:00:00,,266.5397,,,
2026-01-28T15:30:00,,256.4470,,,
2026-01-28T16:00:00,,243.9530,,,
2026-01-28T16:30:00,,231.6162,,,
2026-01-28T17:00:00,,220.3195,,,
2026-01-28T17:30:00,,220.4727,,,
2026-01-28T18:00:00,,214.2922,,,
2026-01-28T18:30:00,,195.2590,,,
2026-01-28T19:00:00,,195.4902,,,
2026-01-28T19:30:00,,195.5682,,,
2026-01-28T20:00:00,,195.1615,,,
2026-01-28T20:30:00,,195.1615,,,
2026-01-28T21:00:00,,195.1615,,,
2026-01-28T21:30:00,,195.6379,,,
2026-01-28T22:00:00,,195.6379,,,
2026-01-28T22:30:00,,194.0794,,,
2026-01-28T23:00:00,,179.2012,,,
2026-01-28T23:30:00,,161.3661,,,
2026-01-29T00:00:00,,159.3329,,,
2026-01-29T00:30:00,,132.8365,,,
2026-01-29T01:00:00,,109.3136,,,
2026-01-29T01:30:00,,80.6756,,,
2026-01-29T02:00:00,,65.1416,,,
2026-01-29T02:30:00,,57.0768,,,
2026-01-29T03:00:00,,54.5243,,,
2026-01-29T03:30:00,,52.9764,,,
2026-01-29T04:00:00,,52.9764,,,
2026-01-29T04:30:00,,52.9764,,,
2026-01-29T05:00:00,,54.2993,,,
2026-01-29T05:30:00,,62.5029,,,
2026-01-29T06:00:00,,88.2680,,,
2026-01-29T06:30:00,,120.1040,,,
2026-01-29T07:00:00,,168.9041,,,
2026-01-29T07:30:00,,205.9000,,,
2026-01-29T08:00:00,,247.4559,,,
2026-01-29T08:30:00,,271.5913,,,
2026-01-29T09:00:00,,294.6641,,,
2026-01-29T09:30:00,,302.0099,,,
2026-01-29T10:00:00,,302.0099,,,
2026-01-29T10:30:00,,302.0099,,,
2026-01-29T11:00:00,,301.4125,,,
2026-01-29T11:30:00,,301.4125,,,
2026-01-29T12:00:00,,291.0396,,,
2026-01-29T12:30:00,,284.1869,,,
2026-01-29T13:00:00,,284.1869,,,
2026-01-29T13:30:00,,284.1869,,,
2026-01-29T14:00:00,,284.1869,,,
2026-01-29T14:30:00,,269.0108,,,
2026-01-29T15:00:00,,266.4825,,,
2026-01-29T15:30:00,,256.3898,,,
2026-01-29T16:00:00,,244.9979,,,
2026-01-29T16:30:00,,231.5590,,,
2026-01-29T17:00:00,,220.2623,,,
2026-01-29T17:30:00,,220.4156,,,
2026-01-29T18:00:00,,214.2350,,,
2026-01-29T18:30:00,,195.6782,,,
2026-01-29T19:00:00,,195.4330,,,
2026-01-29T19:30:00,,195.5110,,,
2026-01-29T20:00:00,,195.5807,,,
2026-01-29T20:30:00,,195.5807,,,
2026-01-29T21:00:00,,195.5807,,,
2026-01-29T21:30:00,,195.5807,,,
2026-01-29T22:00:00,,195.5807,,,
2026-01-29T22:30:00,,194.0222,,,
2026-01-29T23:00:00,,179.1440,,,
2026-01-29T23:30:00,,161.3089,,,
2026-01-30T00:00:00,,160.6886,,,
2026-01-30T00:30:00,,120.1318,,,
2026-01-30T01:00:00,,108.7550,,,
2026-01-30T01:30:00,,78.6427,,,
2026-01-30T02:00:00,,69.8260,,,
2026-01-30T02:30:00,,59.6326,,,
2026-01-30T03:00:00,,57.2045,,,
2026-01-30T03:30:00,,54.0676,,,
2026-01-30T04:00:00,,54.0676,,,
2026-01-30T04:30:00,,54.0676,,,
2026-01-30T05:00:00,,56.5530,,,
2026-01-30T05:30:00,,59.8839,,,
2026-01-30T06:00:00,,86.8547,,,
2026-01-30T06:30:00,,135.6786,,,
2026-01-30T07:00:00,,171.3910,,,
2026-01-30T07:30:00,,207.1156,,,
2026-01-30T08:00:00,,245.0896,,,
2026-01-30T08:30:00,,265.6895,,,
2026-01-30T09:00:00,,286.7501,,,
2026-01-30T09:30:00,,292.6250,,,
2026-01-30T10:00:00,,292.6250,,,
2026-01-30T10:30:00,,292.6250,,,
2026-01-30T11:00:00,,292.0276,,,
2026-01-30T11:30:00,,292.0276,,,
2026-01-30T12:00:00,,285.9716,,,
2026-01-30T12:30:00,,272.4556,,,
2026-01-30T13:00:00,,272.4556,,,
2026-01-30T13:30:00,,272.4556,,,
2026-01-30T14:00:00,,272.4556,,,
2026-01-30T14:30:00,,262.9678,,,
2026-01-30T15:00:00,,260.4395,,,
2026-01-30T15:30:00,,253.4134,,,
2026-01-30T16:00:00,,243.6497,,,
2026-01-30T16:30:00,,221.6262,,,
2026-01-30T17:00:00,,212.9137,,,
2026-01-30T17:30:00,,213.8013,,,
2026-01-30T18:00:00,,203.8954,,,
2026-01-30T18:30:00,,195.1312,,,
2026-01-30T19:00:00,,195.1290,,,
2026-01-30T19:30:00,,195.2070,,,
2026-01-30T20:00:00,,195.2767,,,
2026-01-30T20:30:00,,195.2767,,,
2026-01-30T21:00:00,,195.2767,,,
2026-01-30T21:30:00,,195.2767,,,
2026-01-30T22:00:00,,195.6057,,,
2026-01-30T22:30:00,,195.6057,,,
2026-01-30T23:00:00,,181.7502,,,
2026-01-30T23:30:00,,162.2419,,,
2026-01-31T00:00:00,,191.4519,,,
2026-01-31T00:30:00,,171.9989,,,
2026-01-31T01:00:00,,165.2751,,,
2026-01-31T01:30:00,,102.7912,,,
2026-01-31T02:00:00,,85.7668,,,
2026-01-31T02:30:00,,71.0975,,,
2026-01-31T03:00:00,,70.8677,,,
2026-01-31T03:30:00,,60.6030,,,
2026-01-31T04:00:00,,59.2903,,,
2026-01-31T04:30:00,,59.0950,,,
2026-01-31T05:00:00,,58.6051,,,
2026-01-31T05:30:00,,59.2840,,,
2026-01-31T06:00:00,,77.8477,,,
2026-01-31T06:30:00,,99.6394,,,
2026-01-31T07:00:00,,117.3039,,,
2026-01-31T07:30:00,,167.5070,,,
2026-01-31T08:00:00,,173.1327,,,
2026-01-31T08:30:00,,188.6740,,,
2026-01-31T09:00:00,,194.0603,,,
2026-01-31T09:30:00,,206.9897,,,
2026-01-31T10:00:00,,206.9897,,,
2026-01-31T10:30:00,,206.9897,,,
2026-01-31T11:00:00,,207.2382,,,
2026-01-31T11:30:00,,207.2382,,,
2026-01-31T12:00:00,,202.4096,,,
2026-01-31T12:30:00,,201.7661,,,
2026-01-31T13:00:00,,201.8034,,,
2026-01-31T13:30:00,,201.8034,,,
2026-01-31T14:00:00,,201.8034,,,
2026-01-31T14:30:00,,201.8034,,,
2026-01-31T15:00:00,,194.6055,,,
2026-01-31T15:30:00,,193.9156,,,
2026-01-31T16:00:00,,192.7369,,,
2026-01-31T16:30:00,,192.7454,,,
2026-01-31T17:00:00,,193.1137,,,
2026-01-31T17:30:00,,193.2669,,,
2026-01-31T18:00:00,,191.1864,,,
2026-01-31T18:30:00,,188.8059,,,
2026-01-31T19:00:00,,190.4449,,,
2026-01-31T19:30:00,,190.5229,,,
2026-01-31T20:00:00,,190.7880,,,
2026-01-31T20:30:00,,190.1549,,,
2026-01-31T21:00:00,,193.7007,,,
2026-01-31T21:30:00,,193.7007,,,
2026-01-31T22:00:00,,200.9415,,,
2026-01-31T22:30:00,,200.9415,,,
2026-01-31T23:00:00,,200.9415,,,
2026-01-31T23:30:00,,197.6796,,,
